{"type": "FeatureCollection", "name": "lifts-SE", "note": "Lintrafik (lifts, gondolas, funiculars) from Lantmateriet Topografi 50, Byggnadsverk. Converted from SWEREF 99 TM to WGS 84. (c) Lantmateriet.", "crs": {"type": "name", "properties": {"name": "urn:ogc:def:crs:OGC:1.3:CRS84"}}, "features": [{"type": "Feature", "properties": {"objekttyp": "Lintrafik", "id": "dcc4dacd-dee9-45e4-8fb7-9b5fe4f66ab6"}, "geometry": {"type": "LineString", "coordinates": [[13.720837, 55.622733], [13.720011, 55.622096], [13.719185, 55.621458]]}}, {"type": "Feature", "properties": {"objekttyp": "Lintrafik", "id": "1bbcec6f-ff50-47d9-a3b6-f677aa550c38"}, "geometry": {"type": "LineString", "coordinates": [[14.365096, 56.177415], [14.360409, 56.176517], [14.360001, 56.176439], [14.355721, 56.17562], [14.355313, 56.175542], [14.354905, 56.175464]]}}, {"type": "Feature", "properties": {"objekttyp": "Lintrafik", "id": "192e99ae-69b2-4540-84b7-31d4adf129cf"}, "geometry": {"type": "LineString", "coordinates": [[15.625865, 56.261853], [15.627127, 56.261515], [15.628389, 56.261177]]}}, {"type": "Feature", "properties": {"objekttyp": "Lintrafik", "id": "3f1f2b6d-e209-42dd-b845-6a2160081a6a"}, "geometry": {"type": "LineString", "coordinates": [[14.008412, 56.372105], [14.007499, 56.371685], [14.007245, 56.37157], [14.007237, 56.371567], [14.006063, 56.371035]]}}, {"type": "Feature", "properties": {"objekttyp": "Lintrafik", "id": "eb131eed-c98e-4721-b967-b6860b9aa3ad"}, "geometry": {"type": "LineString", "coordinates": [[13.163248, 56.365225], [13.167426, 56.368861]]}}, {"type": "Feature", "properties": {"objekttyp": "Lintrafik", "id": "d712d568-2add-4955-b657-0522832ee9a1"}, "geometry": {"type": "LineString", "coordinates": [[13.109126, 56.384894], [13.109115, 56.384884], [13.108978, 56.384756], [13.108857, 56.384644], [13.10884, 56.384628], [13.108703, 56.3845], [13.108563, 56.384371], [13.108184, 56.384042], [13.108091, 56.383963], [13.107803, 56.383714], [13.107605, 56.383543], [13.107423, 56.383386], [13.107254, 56.383241], [13.107042, 56.383059], [13.106724, 56.382785], [13.106534, 56.382621], [13.106026, 56.382184], [13.105845, 56.382027], [13.105517, 56.381746], [13.105478, 56.381713], [13.10511, 56.381398], [13.105008, 56.38131], [13.104864, 56.381185], [13.10477, 56.381103], [13.10472, 56.381059], [13.104576, 56.380933], [13.104431, 56.380806], [13.104234, 56.380657], [13.104123, 56.380572], [13.103687, 56.38024], [13.102654, 56.37937]]}}, {"type": "Feature", "properties": {"objekttyp": "Lintrafik", "id": "4777abf7-8707-4022-a6f4-f0cbe8c4fece"}, "geometry": {"type": "LineString", "coordinates": [[13.106775, 56.385104], [13.104468, 56.383197], [13.103558, 56.382444]]}}, {"type": "Feature", "properties": {"objekttyp": "Lintrafik", "id": "1d1de032-e2c7-4e54-9517-c411566e240a"}, "geometry": {"type": "LineString", "coordinates": [[13.096166, 56.378247], [13.096675, 56.378608], [13.097051, 56.378895], [13.097728, 56.37934], [13.097979, 56.379653], [13.098758, 56.380297], [13.098953, 56.380493], [13.099778, 56.381116], [13.100658, 56.381866], [13.101325, 56.382388], [13.102076, 56.383018], [13.102256, 56.383163], [13.102554, 56.383404], [13.103579, 56.384232], [13.104375, 56.384892], [13.105159, 56.385539], [13.105456, 56.385772], [13.105533, 56.385833]]}}, {"type": "Feature", "properties": {"objekttyp": "Lintrafik", "id": "9e14e389-b19b-4351-b4eb-e0a401de7fed"}, "geometry": {"type": "LineString", "coordinates": [[15.936297, 56.720353], [15.937033, 56.721014], [15.93777, 56.721674]]}}, {"type": "Feature", "properties": {"objekttyp": "Lintrafik", "id": "fdbc5320-9d0e-44d9-a663-efd76b0163e8"}, "geometry": {"type": "LineString", "coordinates": [[15.219043, 56.785901], [15.216301, 56.786368], [15.213559, 56.786835]]}}, {"type": "Feature", "properties": {"objekttyp": "Lintrafik", "id": "46f4fdb9-3863-4d81-8f97-5df0bac04b1e"}, "geometry": {"type": "LineString", "coordinates": [[12.982223, 56.800139], [12.984076, 56.800151], [12.985924, 56.800159]]}}, {"type": "Feature", "properties": {"objekttyp": "Lintrafik", "id": "e1fa53f7-a80f-4371-9d99-b227c070d02a"}, "geometry": {"type": "LineString", "coordinates": [[13.955037, 56.853718], [13.953673, 56.853287], [13.952309, 56.852857]]}}, {"type": "Feature", "properties": {"objekttyp": "Lintrafik", "id": "7f6ad2fc-ec47-4d0e-b5f1-5be5a10856a6"}, "geometry": {"type": "LineString", "coordinates": [[14.595678, 56.931527], [14.597544, 56.931589], [14.599172, 56.931667], [14.599486, 56.931682], [14.602665, 56.931835]]}}, {"type": "Feature", "properties": {"objekttyp": "Lintrafik", "id": "68891e11-2bb8-4889-a31f-46464cc1f9e7"}, "geometry": {"type": "LineString", "coordinates": [[13.065813, 56.94708], [13.064555, 56.947375], [13.063296, 56.947669]]}}, {"type": "Feature", "properties": {"objekttyp": "Lintrafik", "id": "43f6dae7-96c9-42c2-a389-1ae6ebb9a9a9"}, "geometry": {"type": "LineString", "coordinates": [[13.537634, 56.957127], [13.539256, 56.956886], [13.540878, 56.956646]]}}, {"type": "Feature", "properties": {"objekttyp": "Lintrafik", "id": "df281816-0b6c-47a7-addc-f3a4be004caa"}, "geometry": {"type": "LineString", "coordinates": [[15.958174, 57.064934], [15.960582, 57.064753], [15.961183, 57.064708]]}}, {"type": "Feature", "properties": {"objekttyp": "Lintrafik", "id": "0116cb7e-9a3d-41ee-b272-d0bf4999d6c4"}, "geometry": {"type": "LineString", "coordinates": [[15.961116, 57.066915], [15.96183, 57.066227], [15.962274, 57.065799], [15.963022, 57.065077]]}}, {"type": "Feature", "properties": {"objekttyp": "Lintrafik", "id": "8b5a2966-5fc2-4829-9cc7-8b2e8cbfbdd5"}, "geometry": {"type": "LineString", "coordinates": [[12.705454, 57.128344], [12.704009, 57.127053], [12.702564, 57.125762]]}}, {"type": "Feature", "properties": {"objekttyp": "Lintrafik", "id": "4a0fc519-befe-4339-b437-b0d8444c2fb1"}, "geometry": {"type": "LineString", "coordinates": [[15.033464, 57.149217], [15.032837, 57.149845], [15.03221, 57.150473]]}}, {"type": "Feature", "properties": {"objekttyp": "Lintrafik", "id": "f7625b0c-6370-493c-b1ae-96641d1fd4e4"}, "geometry": {"type": "LineString", "coordinates": [[16.430287, 57.271739], [16.432184, 57.27219], [16.434082, 57.272641]]}}, {"type": "Feature", "properties": {"objekttyp": "Lintrafik", "id": "50c0bf73-0320-4841-a68d-5689453392c9"}, "geometry": {"type": "LineString", "coordinates": [[15.568786, 57.303584], [15.569178, 57.304073], [15.569855, 57.305009], [15.569903, 57.305076], [15.570152, 57.30542], [15.570581, 57.305999], [15.570926, 57.306568]]}}, {"type": "Feature", "properties": {"objekttyp": "Lintrafik", "id": "2399a524-b78f-4ba5-ad09-cd241933aa1f"}, "geometry": {"type": "LineString", "coordinates": [[15.784846, 57.39853], [15.783331, 57.39868], [15.781816, 57.398831]]}}, {"type": "Feature", "properties": {"objekttyp": "Lintrafik", "id": "6407a9db-4be9-4f5f-9ae5-0ef4c39d82c7"}, "geometry": {"type": "LineString", "coordinates": [[15.179924, 57.405231], [15.177223, 57.406249], [15.174231, 57.407377]]}}, {"type": "Feature", "properties": {"objekttyp": "Lintrafik", "id": "c64fc6a3-2b06-4d4e-918f-db3c3aa46e1b"}, "geometry": {"type": "LineString", "coordinates": [[15.179245, 57.407445], [15.17723, 57.407723], [15.17471, 57.408071]]}}, {"type": "Feature", "properties": {"objekttyp": "Lintrafik", "id": "04c857ff-0624-4924-b096-8ee3fa276eba"}, "geometry": {"type": "LineString", "coordinates": [[14.659637, 57.408753], [14.657391, 57.40865], [14.655146, 57.408547]]}}, {"type": "Feature", "properties": {"objekttyp": "Lintrafik", "id": "ba6e30ce-da37-40af-9ccc-9c132ff56980"}, "geometry": {"type": "LineString", "coordinates": [[15.177513, 57.433274], [15.180357, 57.433834]]}}, {"type": "Feature", "properties": {"objekttyp": "Lintrafik", "id": "6b95d542-15eb-41c6-8f26-a5404ecc1e4e"}, "geometry": {"type": "LineString", "coordinates": [[13.610354, 57.432277], [13.613616, 57.432432], [13.61544, 57.432519]]}}, {"type": "Feature", "properties": {"objekttyp": "Lintrafik", "id": "ce4750de-0e1a-47ff-8646-845d9264de96"}, "geometry": {"type": "LineString", "coordinates": [[13.609328, 57.434914], [13.609375, 57.434732], [13.609387, 57.434688], [13.609423, 57.434551], [13.609469, 57.434379], [13.609515, 57.434201], [13.609562, 57.434022], [13.609566, 57.434008], [13.609609, 57.433844], [13.609614, 57.433827], [13.609656, 57.433666], [13.609661, 57.433646], [13.609703, 57.433488], [13.609709, 57.433465], [13.60975, 57.433309], [13.609756, 57.433284], [13.609797, 57.433131], [13.609804, 57.433103], [13.609844, 57.432953], [13.609852, 57.432922], [13.60989, 57.432775], [13.609899, 57.432741], [13.609937, 57.432597], [13.609947, 57.43256], [13.609984, 57.432418], [13.609995, 57.432379], [13.610031, 57.43224], [13.610042, 57.432198], [13.610078, 57.432062], [13.610084, 57.432039]]}}, {"type": "Feature", "properties": {"objekttyp": "Lintrafik", "id": "43717b00-657f-4bb4-b4fb-23a5abc2be58"}, "geometry": {"type": "LineString", "coordinates": [[13.608113, 57.43567], [13.608146, 57.434823], [13.608152, 57.434674], [13.608188, 57.433755]]}}, {"type": "Feature", "properties": {"objekttyp": "Lintrafik", "id": "ba012916-79f8-46bf-849a-956be0d049b8"}, "geometry": {"type": "LineString", "coordinates": [[13.611939, 57.436761], [13.612292, 57.436587], [13.612395, 57.436536], [13.612644, 57.436413], [13.612872, 57.4363], [13.612996, 57.436239], [13.613349, 57.436066], [13.613379, 57.436051], [13.613473, 57.436006], [13.613624, 57.435933], [13.613901, 57.435801], [13.614178, 57.43567], [13.614456, 57.435538], [13.614625, 57.435458], [13.615196, 57.435187], [13.615358, 57.43511], [13.615727, 57.434934], [13.615935, 57.434835], [13.616084, 57.434764], [13.616096, 57.434758], [13.616674, 57.434484], [13.616756, 57.434444], [13.617415, 57.434131]]}}, {"type": "Feature", "properties": {"objekttyp": "Lintrafik", "id": "cecc21ae-edf6-4daf-aa5a-de5eceb3b085"}, "geometry": {"type": "LineString", "coordinates": [[13.618895, 57.435067], [13.618347, 57.435353], [13.616631, 57.436384], [13.615811, 57.436881], [13.614945, 57.437407]]}}, {"type": "Feature", "properties": {"objekttyp": "Lintrafik", "id": "abe113f2-9d2e-4adf-914c-f2daf49f86cf"}, "geometry": {"type": "LineString", "coordinates": [[13.931415, 57.445485], [13.928326, 57.44557], [13.925237, 57.445654]]}}, {"type": "Feature", "properties": {"objekttyp": "Lintrafik", "id": "3230d751-a855-4602-9d39-e59d0598dc56"}, "geometry": {"type": "LineString", "coordinates": [[13.225479, 57.490138], [13.225416, 57.492147], [13.225353, 57.494156]]}}, {"type": "Feature", "properties": {"objekttyp": "Lintrafik", "id": "d300cf8a-33ff-46bd-997c-49ab71f9ae8d"}, "geometry": {"type": "LineString", "coordinates": [[15.416174, 57.645926], [15.417765, 57.645027], [15.418575, 57.644569], [15.419942, 57.643797]]}}, {"type": "Feature", "properties": {"objekttyp": "Lintrafik", "id": "43372fae-6875-4837-8156-e56fb2708675"}, "geometry": {"type": "LineString", "coordinates": [[15.417729, 57.646249], [15.418588, 57.645779], [15.419975, 57.645019], [15.420992, 57.644462]]}}, {"type": "Feature", "properties": {"objekttyp": "Lintrafik", "id": "723cbe0d-f35e-495f-91d3-22051e911f3e"}, "geometry": {"type": "LineString", "coordinates": [[12.559518, 57.659662], [12.561813, 57.657468], [12.564107, 57.655274]]}}, {"type": "Feature", "properties": {"objekttyp": "Lintrafik", "id": "a4191bba-d15d-400f-afa3-3ac038319489"}, "geometry": {"type": "LineString", "coordinates": [[12.052837, 57.70073], [12.054294, 57.701676], [12.05575, 57.702622]]}}, {"type": "Feature", "properties": {"objekttyp": "Lintrafik", "id": "ad2fbf85-b381-4d06-ac94-ca5a77fb1a63"}, "geometry": {"type": "LineString", "coordinates": [[14.232682, 57.767538], [14.238795, 57.766768]]}}, {"type": "Feature", "properties": {"objekttyp": "Lintrafik", "id": "6adc807c-8204-4c81-be50-851afd95cc33"}, "geometry": {"type": "LineString", "coordinates": [[14.284513, 57.806703], [14.282324, 57.805927], [14.280344, 57.805242]]}}, {"type": "Feature", "properties": {"objekttyp": "Lintrafik", "id": "350ca35e-cd44-4998-9aa4-712f4a85a31a"}, "geometry": {"type": "LineString", "coordinates": [[13.412454, 57.821007], [13.410561, 57.821735], [13.410155, 57.821891], [13.408672, 57.822461], [13.406409, 57.823332], [13.405845, 57.823549]]}}, {"type": "Feature", "properties": {"objekttyp": "Lintrafik", "id": "17f02ed5-4ab6-45e1-b652-175f07584978"}, "geometry": {"type": "LineString", "coordinates": [[13.414365, 57.822636], [13.410856, 57.823387], [13.410085, 57.823551], [13.406886, 57.824236]]}}, {"type": "Feature", "properties": {"objekttyp": "Lintrafik", "id": "ba8cbe62-ffdf-47d3-b8ba-03f029eede5c"}, "geometry": {"type": "LineString", "coordinates": [[14.822477, 57.840291], [14.823729, 57.84039], [14.824981, 57.840488]]}}, {"type": "Feature", "properties": {"objekttyp": "Lintrafik", "id": "41d61b6a-08fb-4132-942f-b25a43a0a239"}, "geometry": {"type": "LineString", "coordinates": [[13.761781, 57.868531], [13.765071, 57.868648], [13.768361, 57.868766]]}}, {"type": "Feature", "properties": {"objekttyp": "Lintrafik", "id": "5fe1b3ed-68de-4ac9-bf17-27b64fa9c196"}, "geometry": {"type": "LineString", "coordinates": [[18.823348, 57.816658], [18.818506, 57.824212], [18.814761, 57.829792], [18.812958, 57.832478], [18.806923, 57.841466]]}}, {"type": "Feature", "properties": {"objekttyp": "Lintrafik", "id": "96e2e088-5479-4b73-8bec-485b758b42ee"}, "geometry": {"type": "LineString", "coordinates": [[18.802005, 57.84305], [18.807399, 57.842348]]}}, {"type": "Feature", "properties": {"objekttyp": "Lintrafik", "id": "de20c160-4697-481d-bb55-aa8f7b25498f"}, "geometry": {"type": "LineString", "coordinates": [[15.214437, 57.905613], [15.212399, 57.905184], [15.21239, 57.905182], [15.210755, 57.904838], [15.210344, 57.904755]]}}, {"type": "Feature", "properties": {"objekttyp": "Lintrafik", "id": "4e7fa3f6-e80c-4941-8190-45298d749a1c"}, "geometry": {"type": "LineString", "coordinates": [[12.086863, 57.93043], [12.089265, 57.929808], [12.091668, 57.929186]]}}, {"type": "Feature", "properties": {"objekttyp": "Lintrafik", "id": "a5ea0069-08f0-4337-b8e0-191ca1642b09"}, "geometry": {"type": "LineString", "coordinates": [[15.619819, 57.969351], [15.620143, 57.968198], [15.620149, 57.968154], [15.620155, 57.968108], [15.620162, 57.968062], [15.620168, 57.968016], [15.620174, 57.96797], [15.62018, 57.967925], [15.620187, 57.967879], [15.620193, 57.967833], [15.620203, 57.967756], [15.620247, 57.967436], [15.620263, 57.967313], [15.620287, 57.967139], [15.6203, 57.967039], [15.620323, 57.966871], [15.620354, 57.966642], [15.620383, 57.966428], [15.620408, 57.966245], [15.620443, 57.965986], [15.620462, 57.965848], [15.620503, 57.965543], [15.620516, 57.965452], [15.620564, 57.965101], [15.62057, 57.965055], [15.620623, 57.964658], [15.620633, 57.964579], [15.620643, 57.964499], [15.620653, 57.964419], [15.620663, 57.964338]]}}, {"type": "Feature", "properties": {"objekttyp": "Lintrafik", "id": "f263db5e-fc8f-4202-a8cc-a01c60a951fc"}, "geometry": {"type": "LineString", "coordinates": [[15.61498, 57.968727], [15.617858, 57.96966], [15.617871, 57.969664], [15.618566, 57.96996]]}}, {"type": "Feature", "properties": {"objekttyp": "Lintrafik", "id": "b4af83c2-0f17-4be2-b0ab-25786539e080"}, "geometry": {"type": "LineString", "coordinates": [[16.314185, 57.979193], [16.31362, 57.980109], [16.313055, 57.981025]]}}, {"type": "Feature", "properties": {"objekttyp": "Lintrafik", "id": "3dc3e237-1f3d-47f9-ad2a-bf583fdc4929"}, "geometry": {"type": "LineString", "coordinates": [[12.826561, 58.034346], [12.82923, 58.03474], [12.831898, 58.035134]]}}, {"type": "Feature", "properties": {"objekttyp": "Lintrafik", "id": "783e9210-a467-4939-ae40-e804fbc8b397"}, "geometry": {"type": "LineString", "coordinates": [[13.522459, 58.174062], [13.522736, 58.172418], [13.523039, 58.170613]]}}, {"type": "Feature", "properties": {"objekttyp": "Lintrafik", "id": "b47250aa-8151-448a-a9c1-355be9a911c8"}, "geometry": {"type": "LineString", "coordinates": [[13.524674, 58.171541], [13.524025, 58.172434], [13.523556, 58.173079], [13.522721, 58.174227]]}}, {"type": "Feature", "properties": {"objekttyp": "Lintrafik", "id": "6f2cc002-eff3-4f06-baa4-c0caabb7ccbb"}, "geometry": {"type": "LineString", "coordinates": [[13.674973, 58.289209], [13.674346, 58.288289], [13.673949, 58.287706], [13.673903, 58.287626], [13.673722, 58.287316], [13.673971, 58.287007], [13.674415, 58.286493], [13.674784, 58.286064]]}}, {"type": "Feature", "properties": {"objekttyp": "Lintrafik", "id": "6a52745f-1182-4df9-bc06-30f7d91cb3d4"}, "geometry": {"type": "LineString", "coordinates": [[14.68715, 58.359047], [14.684564, 58.358831], [14.681978, 58.358615]]}}, {"type": "Feature", "properties": {"objekttyp": "Lintrafik", "id": "719a1c7a-4273-488d-ac19-9067bff4c4f2"}, "geometry": {"type": "LineString", "coordinates": [[13.827958, 58.403481], [13.825097, 58.403612], [13.824945, 58.403619], [13.823979, 58.403664]]}}, {"type": "Feature", "properties": {"objekttyp": "Lintrafik", "id": "766f9562-567f-4d0e-a173-16abcdd69e8b"}, "geometry": {"type": "LineString", "coordinates": [[13.827868, 58.403075], [13.824967, 58.403018], [13.823869, 58.402996], [13.823417, 58.402987], [13.822729, 58.403192], [13.822409, 58.403584], [13.821918, 58.404185]]}}, {"type": "Feature", "properties": {"objekttyp": "Lintrafik", "id": "1fcab990-4827-4436-828a-d3ac30d9e89a"}, "geometry": {"type": "LineString", "coordinates": [[16.444486, 58.664901], [16.448041, 58.66326], [16.444291, 58.663619]]}}, {"type": "Feature", "properties": {"objekttyp": "Lintrafik", "id": "8742c433-4bc1-422d-b392-db8735c56768"}, "geometry": {"type": "LineString", "coordinates": [[16.444486, 58.664901], [16.444785, 58.666857], [16.444794, 58.666914], [16.44362, 58.66687], [16.43503, 58.666549], [16.438129, 58.664207], [16.44385, 58.663661], [16.442088, 58.665912], [16.442198, 58.665957], [16.444486, 58.664901]]}}, {"type": "Feature", "properties": {"objekttyp": "Lintrafik", "id": "a47e69fe-845d-48fd-ab94-b3a279665ac3"}, "geometry": {"type": "LineString", "coordinates": [[16.134167, 58.667254], [16.134392, 58.667608], [16.135236, 58.669053], [16.135246, 58.66907], [16.136306, 58.670886]]}}, {"type": "Feature", "properties": {"objekttyp": "Lintrafik", "id": "d4555957-f7c5-498b-adba-b58e05c13426"}, "geometry": {"type": "LineString", "coordinates": [[16.380665, 58.671121], [16.37934, 58.670377], [16.379107, 58.670246], [16.378874, 58.670115]]}}, {"type": "Feature", "properties": {"objekttyp": "Lintrafik", "id": "bc941a0b-ac0e-4c6f-8752-cb9babb50499"}, "geometry": {"type": "LineString", "coordinates": [[14.591339, 58.679378], [14.591876, 58.680561], [14.592413, 58.681743]]}}, {"type": "Feature", "properties": {"objekttyp": "Lintrafik", "id": "0e08d849-a1bf-4754-b393-83da44a5d0ba"}, "geometry": {"type": "LineString", "coordinates": [[16.544032, 58.73491], [16.54306, 58.735946], [16.542088, 58.736982]]}}, {"type": "Feature", "properties": {"objekttyp": "Lintrafik", "id": "a5647c02-7b90-4a8f-b683-cdc74a9bc88e"}, "geometry": {"type": "LineString", "coordinates": [[16.969174, 58.736808], [16.966379, 58.737118], [16.966375, 58.737119], [16.964358, 58.737343], [16.963584, 58.73743]]}}, {"type": "Feature", "properties": {"objekttyp": "Lintrafik", "id": "edd6783d-1703-4ad5-b66a-3f49d0f869a8"}, "geometry": {"type": "LineString", "coordinates": [[16.269418, 58.949311], [16.269562, 58.950116], [16.269706, 58.950922]]}}, {"type": "Feature", "properties": {"objekttyp": "Lintrafik", "id": "18e9df56-39dd-4a28-a7cf-4ce6a0620be5"}, "geometry": {"type": "LineString", "coordinates": [[12.216308, 59.022456], [12.214636, 59.022532], [12.212964, 59.022608]]}}, {"type": "Feature", "properties": {"objekttyp": "Lintrafik", "id": "9766e8d9-6cb3-44d6-b3c9-c14d124071bb"}, "geometry": {"type": "LineString", "coordinates": [[12.444535, 59.042791], [12.446605, 59.043199], [12.448209, 59.043475], [12.449063, 59.04362], [12.451823, 59.04409], [12.452733, 59.044254]]}}, {"type": "Feature", "properties": {"objekttyp": "Lintrafik", "id": "396ac54a-6815-47d9-8364-09f039bd0dc7"}, "geometry": {"type": "LineString", "coordinates": [[12.448546, 59.045866], [12.448893, 59.045924], [12.450083, 59.046123], [12.45157, 59.04631], [12.453437, 59.046514]]}}, {"type": "Feature", "properties": {"objekttyp": "Lintrafik", "id": "52177758-753c-4593-8112-903b52ef4f83"}, "geometry": {"type": "LineString", "coordinates": [[15.921125, 59.072666], [15.920486, 59.071956], [15.920156, 59.07159], [15.920143, 59.071574], [15.919646, 59.071022], [15.919161, 59.070513]]}}, {"type": "Feature", "properties": {"objekttyp": "Lintrafik", "id": "bbaeb97b-40f8-490b-b93e-6ac7e3c90abb"}, "geometry": {"type": "LineString", "coordinates": [[15.253709, 59.126511], [15.251284, 59.127508], [15.251215, 59.127537], [15.250607, 59.127786], [15.248859, 59.128561]]}}, {"type": "Feature", "properties": {"objekttyp": "Lintrafik", "id": "eb32ae28-43a3-4b9d-a115-fa063057e94c"}, "geometry": {"type": "LineString", "coordinates": [[17.876755, 59.163161], [17.876929, 59.162905], [17.878186, 59.161271]]}}, {"type": "Feature", "properties": {"objekttyp": "Lintrafik", "id": "7447ec76-61cd-46ea-b726-354431a3723b"}, "geometry": {"type": "LineString", "coordinates": [[17.61561, 59.220037], [17.616816, 59.220506], [17.618021, 59.220975]]}}, {"type": "Feature", "properties": {"objekttyp": "Lintrafik", "id": "fa26ca2e-65ff-43bd-a3e9-625fed87db2c"}, "geometry": {"type": "LineString", "coordinates": [[17.877649, 59.230298], [17.879716, 59.228171]]}}, {"type": "Feature", "properties": {"objekttyp": "Lintrafik", "id": "f818d9ae-e8ae-4ccd-9e08-de7873c09653"}, "geometry": {"type": "LineString", "coordinates": [[17.883444, 59.227887], [17.88089, 59.230983], [17.880707, 59.231205]]}}, {"type": "Feature", "properties": {"objekttyp": "Lintrafik", "id": "c284abec-e9a5-4f75-908d-6a343cc3c1bb"}, "geometry": {"type": "LineString", "coordinates": [[17.832896, 59.278633], [17.832847, 59.279544], [17.832782, 59.280664], [17.832731, 59.28125]]}}, {"type": "Feature", "properties": {"objekttyp": "Lintrafik", "id": "89b5d103-c093-4b84-9285-57ee91af3663"}, "geometry": {"type": "LineString", "coordinates": [[18.298096, 59.273794], [18.299244, 59.274363], [18.300391, 59.274933]]}}, {"type": "Feature", "properties": {"objekttyp": "Lintrafik", "id": "3f1f12fb-289c-4df6-bbdd-8aaab92d41db"}, "geometry": {"type": "LineString", "coordinates": [[14.922686, 59.324573], [14.926304, 59.327736], [14.926847, 59.32821], [14.927183, 59.328488], [14.927746, 59.328956]]}}, {"type": "Feature", "properties": {"objekttyp": "Lintrafik", "id": "c469e454-9499-445b-bfa0-cbe958a5c2cc"}, "geometry": {"type": "LineString", "coordinates": [[14.926041, 59.329574], [14.926297, 59.329753], [14.926806, 59.330107], [14.927777, 59.330771], [14.92791, 59.330872], [14.928044, 59.330973], [14.928177, 59.331075], [14.92831, 59.331176], [14.928443, 59.331277], [14.928576, 59.331378], [14.928709, 59.33148], [14.928842, 59.331581], [14.928975, 59.331682], [14.929108, 59.331783], [14.929241, 59.331884], [14.929255, 59.331895], [14.929374, 59.331986], [14.92939, 59.331997], [14.929508, 59.332087], [14.929524, 59.332099], [14.929641, 59.332188], [14.929658, 59.332202], [14.929774, 59.332289], [14.929793, 59.332304], [14.929907, 59.332391], [14.929917, 59.332398]]}}, {"type": "Feature", "properties": {"objekttyp": "Lintrafik", "id": "f86f63f0-073a-42a4-ab11-2b20b40b5c86"}, "geometry": {"type": "LineString", "coordinates": [[18.109251, 59.29933], [18.109428, 59.299771], [18.109725, 59.300554], [18.109732, 59.300573], [18.109941, 59.301124], [18.11021, 59.301778]]}}, {"type": "Feature", "properties": {"objekttyp": "Lintrafik", "id": "69014e25-e83a-4c9e-accc-1f62ec7bf309"}, "geometry": {"type": "LineString", "coordinates": [[16.51103, 59.349739], [16.512016, 59.349204], [16.513001, 59.348669]]}}, {"type": "Feature", "properties": {"objekttyp": "Lintrafik", "id": "c127d6bd-0906-4507-8963-815579857af2"}, "geometry": {"type": "LineString", "coordinates": [[13.146491, 59.347074], [13.145863, 59.347091], [13.145298, 59.347118], [13.145139, 59.347126], [13.145056, 59.347131], [13.144687, 59.347151], [13.144126, 59.347173], [13.14362, 59.347176]]}}, {"type": "Feature", "properties": {"objekttyp": "Lintrafik", "id": "6f648799-aed1-4469-a49c-bfcd86d45ac1"}, "geometry": {"type": "LineString", "coordinates": [[15.857978, 59.390185], [15.858008, 59.388889], [15.858037, 59.387592]]}}, {"type": "Feature", "properties": {"objekttyp": "Lintrafik", "id": "538c1ef1-0beb-4dc3-820b-b195a4a1f8ab"}, "geometry": {"type": "LineString", "coordinates": [[18.073951, 59.360591], [18.076302, 59.359677]]}}, {"type": "Feature", "properties": {"objekttyp": "Lintrafik", "id": "5bf3c72d-8ba0-4323-a608-a9772bcba723"}, "geometry": {"type": "LineString", "coordinates": [[18.181492, 59.362165], [18.182522, 59.362389], [18.183426, 59.36261], [18.183481, 59.362623], [18.185362, 59.363084]]}}, {"type": "Feature", "properties": {"objekttyp": "Lintrafik", "id": "7fdb2817-0c18-4458-baad-70355407b4f1"}, "geometry": {"type": "LineString", "coordinates": [[12.125246, 59.402927], [12.122033, 59.404214], [12.11882, 59.405501]]}}, {"type": "Feature", "properties": {"objekttyp": "Lintrafik", "id": "772625da-293a-4243-a0bb-eb36b5d4561e"}, "geometry": {"type": "LineString", "coordinates": [[17.777993, 59.43366], [17.776328, 59.43304], [17.774663, 59.43242]]}}, {"type": "Feature", "properties": {"objekttyp": "Lintrafik", "id": "73e61352-2e70-448c-bf80-bacbbcc11e96"}, "geometry": {"type": "LineString", "coordinates": [[17.972572, 59.453565], [17.972263, 59.454555], [17.971935, 59.455603]]}}, {"type": "Feature", "properties": {"objekttyp": "Lintrafik", "id": "dd5fcc3d-0ee4-42e3-8703-c380c8aa2b5b"}, "geometry": {"type": "LineString", "coordinates": [[17.973007, 59.453451], [17.973735, 59.454478], [17.973725, 59.454517], [17.973444, 59.455606]]}}, {"type": "Feature", "properties": {"objekttyp": "Lintrafik", "id": "1d0b3ebf-07ab-49c9-8ca4-428cefce4ead"}, "geometry": {"type": "LineString", "coordinates": [[13.337241, 59.527525], [13.336629, 59.527919], [13.33596, 59.528313], [13.334705, 59.529269]]}}, {"type": "Feature", "properties": {"objekttyp": "Lintrafik", "id": "3ca00183-62ab-4d98-b83e-63dab19ab1ef"}, "geometry": {"type": "LineString", "coordinates": [[16.620084, 59.572872], [16.619142, 59.573667], [16.6182, 59.574462]]}}, {"type": "Feature", "properties": {"objekttyp": "Lintrafik", "id": "fcdf5c34-ab85-48a0-aefa-cda57f9291d1"}, "geometry": {"type": "LineString", "coordinates": [[13.409554, 59.589828], [13.41233, 59.590485], [13.412338, 59.590487], [13.41494, 59.591103], [13.415106, 59.591146]]}}, {"type": "Feature", "properties": {"objekttyp": "Lintrafik", "id": "f8ca6675-7c37-4976-bdf9-ad1202ede165"}, "geometry": {"type": "LineString", "coordinates": [[17.521098, 59.591015], [17.519766, 59.591072], [17.518435, 59.59113]]}}, {"type": "Feature", "properties": {"objekttyp": "Lintrafik", "id": "bbf95843-acbb-4079-a148-fb39a86c2427"}, "geometry": {"type": "LineString", "coordinates": [[16.484825, 59.624695], [16.48421, 59.62545], [16.483596, 59.626205]]}}, {"type": "Feature", "properties": {"objekttyp": "Lintrafik", "id": "3cda529a-caea-425c-beda-8b52b8ec1d3d"}, "geometry": {"type": "LineString", "coordinates": [[14.101114, 59.701423], [14.100802, 59.701303], [14.100544, 59.701203], [14.100495, 59.701184], [14.100103, 59.701034], [14.099967, 59.700982], [14.099709, 59.700884], [14.099406, 59.70077], [14.098844, 59.700559], [14.098312, 59.700357], [14.098239, 59.700329], [14.098198, 59.700313], [14.097989, 59.700233], [14.097781, 59.700154], [14.097424, 59.700017], [14.097381, 59.700001], [14.097067, 59.69988], [14.096774, 59.699768], [14.096558, 59.699687], [14.096345, 59.699606], [14.096053, 59.699494], [14.09592, 59.69944], [14.095714, 59.699354], [14.095634, 59.699318], [14.095379, 59.69921], [14.095365, 59.699204]]}}, {"type": "Feature", "properties": {"objekttyp": "Lintrafik", "id": "9e04359f-3974-4c37-834a-f2ede3bd770e"}, "geometry": {"type": "LineString", "coordinates": [[12.677495, 59.685235], [12.679058, 59.686576], [12.680622, 59.687916]]}}, {"type": "Feature", "properties": {"objekttyp": "Lintrafik", "id": "b654fad8-55a3-4d29-9aea-27af2d9042ba"}, "geometry": {"type": "LineString", "coordinates": [[18.713392, 59.74556], [18.712992, 59.74594], [18.712555, 59.746361], [18.712218, 59.746679], [18.712218, 59.746679], [18.71192, 59.74696], [18.711419, 59.747442], [18.711044, 59.747798]]}}, {"type": "Feature", "properties": {"objekttyp": "Lintrafik", "id": "f99e67fa-1d2c-4fb4-af7e-08a4fd840a15"}, "geometry": {"type": "LineString", "coordinates": [[13.01065, 59.801274], [13.014535, 59.801821], [13.019308, 59.802493]]}}, {"type": "Feature", "properties": {"objekttyp": "Lintrafik", "id": "49015bae-492d-413c-91db-6ffd50229329"}, "geometry": {"type": "LineString", "coordinates": [[13.021356, 59.799572], [13.022065, 59.79978], [13.022909, 59.800021], [13.030039, 59.802054], [13.034892, 59.803438]]}}, {"type": "Feature", "properties": {"objekttyp": "Lintrafik", "id": "869d05af-25bb-4338-8226-1f35c39a8d32"}, "geometry": {"type": "LineString", "coordinates": [[13.022376, 59.802525], [13.02263, 59.802574], [13.022756, 59.802598], [13.032562, 59.804444]]}}, {"type": "Feature", "properties": {"objekttyp": "Lintrafik", "id": "8f142cfa-2971-49b9-b8a2-095b0b1a8775"}, "geometry": {"type": "LineString", "coordinates": [[15.513453, 59.829642], [15.514646, 59.830117], [15.515839, 59.830592]]}}, {"type": "Feature", "properties": {"objekttyp": "Lintrafik", "id": "789d2f49-8347-49dd-9e7c-c29c4f0cfcc6"}, "geometry": {"type": "LineString", "coordinates": [[17.057477, 59.831118], [17.057638, 59.831209], [17.059667, 59.832355], [17.059871, 59.83247]]}}, {"type": "Feature", "properties": {"objekttyp": "Lintrafik", "id": "7373a3f8-98c7-4d8d-bdbe-b40910f781bb"}, "geometry": {"type": "LineString", "coordinates": [[17.055594, 59.832812], [17.057776, 59.833455], [17.058408, 59.833641]]}}, {"type": "Feature", "properties": {"objekttyp": "Lintrafik", "id": "13ebecd6-44ed-486c-b239-62d55204e41d"}, "geometry": {"type": "LineString", "coordinates": [[12.255211, 59.825471], [12.251338, 59.825705]]}}, {"type": "Feature", "properties": {"objekttyp": "Lintrafik", "id": "ee01c7c3-c3ec-4bf4-862f-932f6ffcaa2c"}, "geometry": {"type": "LineString", "coordinates": [[12.255442, 59.826681], [12.254666, 59.826711], [12.244602, 59.827099], [12.238412, 59.827337], [12.234807, 59.827476], [12.233762, 59.82752]]}}, {"type": "Feature", "properties": {"objekttyp": "Lintrafik", "id": "dd082e38-7aad-420f-ab7a-dadcb663bfb1"}, "geometry": {"type": "LineString", "coordinates": [[15.03402, 59.911526], [15.038327, 59.912555], [15.040601, 59.913098], [15.043439, 59.913776]]}}, {"type": "Feature", "properties": {"objekttyp": "Lintrafik", "id": "ff3d76f6-a5e3-49f4-9bc1-cd8c4adc39b2"}, "geometry": {"type": "LineString", "coordinates": [[15.033218, 59.913667], [15.038331, 59.914291], [15.041453, 59.914672]]}}, {"type": "Feature", "properties": {"objekttyp": "Lintrafik", "id": "ff2c2281-6fc4-4a0e-a315-ac2bc5fc56e9"}, "geometry": {"type": "LineString", "coordinates": [[14.167449, 59.966451], [14.170667, 59.966909], [14.173884, 59.967368]]}}, {"type": "Feature", "properties": {"objekttyp": "Lintrafik", "id": "d7ed3d49-f958-41da-92fe-e7b0cabc28eb"}, "geometry": {"type": "LineString", "coordinates": [[15.893235, 60.080065], [15.890766, 60.079106], [15.888298, 60.078147]]}}, {"type": "Feature", "properties": {"objekttyp": "Lintrafik", "id": "d24ca020-1a3b-4ed5-86c1-ec7ebba7b490"}, "geometry": {"type": "LineString", "coordinates": [[14.921066, 60.092489], [14.925122, 60.090821], [14.929179, 60.089153]]}}, {"type": "Feature", "properties": {"objekttyp": "Lintrafik", "id": "c203f32e-26d3-481e-9b1c-46aa901b836f"}, "geometry": {"type": "LineString", "coordinates": [[14.431186, 60.123213], [14.430566, 60.122989], [14.429945, 60.122765], [14.429324, 60.12254], [14.428702, 60.122316], [14.428081, 60.122091], [14.42746, 60.121867], [14.426908, 60.121668], [14.426838, 60.121642], [14.426217, 60.121418], [14.426054, 60.121359], [14.425596, 60.121193], [14.424975, 60.120969], [14.424353, 60.120744], [14.423732, 60.12052], [14.423111, 60.120295], [14.42249, 60.120071], [14.421869, 60.119846], [14.421247, 60.119622], [14.421239, 60.119619]]}}, {"type": "Feature", "properties": {"objekttyp": "Lintrafik", "id": "fc1beb3e-e8cf-49c3-8bae-19790546807d"}, "geometry": {"type": "LineString", "coordinates": [[14.421467, 60.120314], [14.424721, 60.121393], [14.425531, 60.121661], [14.426047, 60.121832], [14.431059, 60.123494]]}}, {"type": "Feature", "properties": {"objekttyp": "Lintrafik", "id": "98f660b5-9c01-479f-ac4b-cf7785e8f3d6"}, "geometry": {"type": "LineString", "coordinates": [[14.4209, 60.120775], [14.423595, 60.121654], [14.424191, 60.121848], [14.424247, 60.121864], [14.424306, 60.121882], [14.424366, 60.121899], [14.424425, 60.121916], [14.424485, 60.121933], [14.424544, 60.121951], [14.424603, 60.121968], [14.424663, 60.121985], [14.424981, 60.122077], [14.425375, 60.122192], [14.425409, 60.122201], [14.42577, 60.122306], [14.426036, 60.122384], [14.426154, 60.122418], [14.42656, 60.122536], [14.4269, 60.122634], [14.426954, 60.12265], [14.427349, 60.122765], [14.427646, 60.122851], [14.427744, 60.122879], [14.428139, 60.122994], [14.428392, 60.123067], [14.428534, 60.123108], [14.428928, 60.123223], [14.429138, 60.123284], [14.429323, 60.123338], [14.429718, 60.123452], [14.429883, 60.1235], [14.430113, 60.123567], [14.430508, 60.123681], [14.43057, 60.123699]]}}, {"type": "Feature", "properties": {"objekttyp": "Lintrafik", "id": "16e53ac5-526e-4791-827b-07f8d35f4578"}, "geometry": {"type": "LineString", "coordinates": [[16.208472, 60.150597], [16.207562, 60.149743], [16.206652, 60.148889]]}}, {"type": "Feature", "properties": {"objekttyp": "Lintrafik", "id": "ed711c0a-0329-407a-8f37-3ebbb7a1355a"}, "geometry": {"type": "LineString", "coordinates": [[15.393259, 60.156235], [15.394725, 60.15736], [15.39597, 60.158314], [15.396207, 60.158497], [15.396219, 60.158506], [15.396918, 60.159043], [15.399179, 60.160758]]}}, {"type": "Feature", "properties": {"objekttyp": "Lintrafik", "id": "d34edcb2-63d1-4c90-a2b1-5197e7572627"}, "geometry": {"type": "LineString", "coordinates": [[12.988621, 60.146854], [12.986968, 60.146991], [12.985315, 60.147128]]}}, {"type": "Feature", "properties": {"objekttyp": "Lintrafik", "id": "02217ad9-da53-4bc8-bbe8-f2a64cb53504"}, "geometry": {"type": "LineString", "coordinates": [[13.488559, 60.166786], [13.487918, 60.1689], [13.487277, 60.171014]]}}, {"type": "Feature", "properties": {"objekttyp": "Lintrafik", "id": "cfaea5ce-d602-4101-adbe-310867d0d69f"}, "geometry": {"type": "LineString", "coordinates": [[16.431095, 60.287412], [16.43371, 60.28727], [16.436325, 60.287127]]}}, {"type": "Feature", "properties": {"objekttyp": "Lintrafik", "id": "90dd9530-ef8c-4309-900c-f1cfbb6a21a7"}, "geometry": {"type": "LineString", "coordinates": [[16.623347, 60.900812], [16.618717, 60.899468], [16.614087, 60.898124]]}}, {"type": "Feature", "properties": {"objekttyp": "Lintrafik", "id": "cf7d585f-3b34-4732-9f82-30291801e941"}, "geometry": {"type": "LineString", "coordinates": [[13.362212, 61.02986], [13.360602, 61.030384], [13.360589, 61.030102]]}}, {"type": "Feature", "properties": {"objekttyp": "Lintrafik", "id": "39f8c934-a26a-4b39-950f-508a921c1434"}, "geometry": {"type": "LineString", "coordinates": [[12.978121, 60.294237], [12.977491, 60.294173], [12.976861, 60.294109], [12.976231, 60.294046], [12.9756, 60.293982], [12.97497, 60.293918], [12.97434, 60.293854], [12.97371, 60.293791], [12.97308, 60.293727], [12.97245, 60.293663], [12.972132, 60.293631], [12.971819, 60.293599], [12.971189, 60.293535], [12.970559, 60.293472], [12.969929, 60.293408], [12.969299, 60.293344], [12.968669, 60.29328], [12.968038, 60.293216]]}}, {"type": "Feature", "properties": {"objekttyp": "Lintrafik", "id": "db4ebc64-bc96-40a8-9091-4d01a5bc4269"}, "geometry": {"type": "LineString", "coordinates": [[12.96761, 60.293438], [12.966889, 60.295257]]}}, {"type": "Feature", "properties": {"objekttyp": "Lintrafik", "id": "e789d04c-3e26-49d2-aa70-7bcd9801da8c"}, "geometry": {"type": "LineString", "coordinates": [[12.973328, 60.296422], [12.973239, 60.296408], [12.97306, 60.296382], [12.972626, 60.296303], [12.972179, 60.296223], [12.972089, 60.296211], [12.971999, 60.2962], [12.97197, 60.296197], [12.971909, 60.296189], [12.971817, 60.296178], [12.971301, 60.296113], [12.971047, 60.296081], [12.970788, 60.296048], [12.970274, 60.295983], [12.970137, 60.295966], [12.969762, 60.295918], [12.96949, 60.295883], [12.96931, 60.29586], [12.969069, 60.295829], [12.968857, 60.295803], [12.968403, 60.295746], [12.967999, 60.295694], [12.967948, 60.295688], [12.967461, 60.295625], [12.966975, 60.295561], [12.966488, 60.295498], [12.966002, 60.295435], [12.96599, 60.295433]]}}, {"type": "Feature", "properties": {"objekttyp": "Lintrafik", "id": "6a88917a-064d-44ab-9f9d-3bd8a07c1e77"}, "geometry": {"type": "LineString", "coordinates": [[12.976988, 60.295315], [12.976403, 60.29599], [12.976172, 60.296256], [12.975605, 60.296947], [12.97519, 60.297451], [12.9747, 60.298041], [12.974282, 60.298505], [12.97421, 60.298601]]}}, {"type": "Feature", "properties": {"objekttyp": "Lintrafik", "id": "c1e7f0e3-9a58-4ff8-ada8-782719648208"}, "geometry": {"type": "LineString", "coordinates": [[14.512821, 60.344203], [14.511273, 60.343556], [14.509724, 60.342908]]}}, {"type": "Feature", "properties": {"objekttyp": "Lintrafik", "id": "8c553a0f-9311-45c4-a092-d96541becb2a"}, "geometry": {"type": "LineString", "coordinates": [[15.423575, 60.382599], [15.42301, 60.382412], [15.421718, 60.38207], [15.419973, 60.381623], [15.418602, 60.381268], [15.417012, 60.380863], [15.415616, 60.380458], [15.412854, 60.379759], [15.411065, 60.379294], [15.410492, 60.379156], [15.409014, 60.37877], [15.406094, 60.37803], [15.405296, 60.377771], [15.404067, 60.377461], [15.403308, 60.377256]]}}, {"type": "Feature", "properties": {"objekttyp": "Lintrafik", "id": "cb43f23f-5429-45d2-8563-7b24fbc2bb9e"}, "geometry": {"type": "LineString", "coordinates": [[15.401944, 60.377901], [15.402617, 60.383792]]}}, {"type": "Feature", "properties": {"objekttyp": "Lintrafik", "id": "49811496-bd31-47f9-8ccc-fa6c7660a414"}, "geometry": {"type": "LineString", "coordinates": [[15.422082, 60.383914], [15.423786, 60.383093]]}}, {"type": "Feature", "properties": {"objekttyp": "Lintrafik", "id": "ad70c2d5-e0c9-4eaa-86ef-38e0fcf130ec"}, "geometry": {"type": "LineString", "coordinates": [[15.422082, 60.383914], [15.42215, 60.383899], [15.422288, 60.383867], [15.42241, 60.38384], [15.422565, 60.383804], [15.42267, 60.38378], [15.422842, 60.383741], [15.42293, 60.383721], [15.423119, 60.383678], [15.42319, 60.383662], [15.423396, 60.383615], [15.42345, 60.383602], [15.423673, 60.383552], [15.42371, 60.383543], [15.42397, 60.383484], [15.424229, 60.383425]]}}, {"type": "Feature", "properties": {"objekttyp": "Lintrafik", "id": "f0516896-36fd-42c2-9038-d54cce056db7"}, "geometry": {"type": "LineString", "coordinates": [[15.42208, 60.383915], [15.422082, 60.383914]]}}, {"type": "Feature", "properties": {"objekttyp": "Lintrafik", "id": "7c21fed6-3e95-43af-85da-0d4473e960cb"}, "geometry": {"type": "LineString", "coordinates": [[15.387238, 60.388495], [15.388009, 60.388264], [15.391275, 60.387391], [15.393042, 60.386924], [15.394543, 60.386518], [15.396248, 60.386063], [15.397686, 60.385692], [15.399515, 60.385186], [15.400359, 60.384944], [15.401836, 60.384549]]}}, {"type": "Feature", "properties": {"objekttyp": "Lintrafik", "id": "1fb308a5-4c45-4f3e-8477-0858b93483fe"}, "geometry": {"type": "LineString", "coordinates": [[15.411518, 60.389074], [15.422081, 60.383915], [15.422082, 60.383914]]}}, {"type": "Feature", "properties": {"objekttyp": "Lintrafik", "id": "09bd4763-d861-4a52-a6f8-da09772db809"}, "geometry": {"type": "LineString", "coordinates": [[15.388342, 60.391603], [15.388437, 60.391582], [15.392486, 60.39066], [15.392635, 60.390626], [15.396724, 60.389694], [15.396832, 60.389669], [15.400962, 60.388728], [15.401029, 60.388713], [15.4052, 60.387763], [15.405226, 60.387757], [15.409422, 60.3868], [15.413619, 60.385844], [15.413676, 60.385831], [15.417815, 60.384887], [15.417913, 60.384864], [15.42201, 60.38393], [15.42208, 60.383914]]}}, {"type": "Feature", "properties": {"objekttyp": "Lintrafik", "id": "aa398633-cfc8-48e4-b2b0-b91c5301e05f"}, "geometry": {"type": "LineString", "coordinates": [[15.398581, 60.390695], [15.395885, 60.39094], [15.392749, 60.391211], [15.388344, 60.391604]]}}, {"type": "Feature", "properties": {"objekttyp": "Lintrafik", "id": "b7d15864-a1ec-4b50-bec7-aafed1ec2711"}, "geometry": {"type": "LineString", "coordinates": [[15.388339, 60.391606], [15.388344, 60.391604]]}}, {"type": "Feature", "properties": {"objekttyp": "Lintrafik", "id": "260f6c54-5526-43ee-a32a-278b9568a218"}, "geometry": {"type": "LineString", "coordinates": [[15.388344, 60.391605], [15.388339, 60.391606]]}}, {"type": "Feature", "properties": {"objekttyp": "Lintrafik", "id": "5da306c2-1de8-4bf4-9629-475465532016"}, "geometry": {"type": "LineString", "coordinates": [[15.384037, 60.391681], [15.385154, 60.391302], [15.385654, 60.391133], [15.387597, 60.390474], [15.391036, 60.38932], [15.39847, 60.386764], [15.400246, 60.38622], [15.401916, 60.385589], [15.403494, 60.385055], [15.404606, 60.384678]]}}, {"type": "Feature", "properties": {"objekttyp": "Lintrafik", "id": "7648eb63-cc35-4036-9f60-9a8eedb518e8"}, "geometry": {"type": "LineString", "coordinates": [[15.385904, 60.39182], [15.386603, 60.391573], [15.387881, 60.391106], [15.388087, 60.391031], [15.389363, 60.390569], [15.390458, 60.390188], [15.391838, 60.389679], [15.392947, 60.389326], [15.393997, 60.38895], [15.394791, 60.388626], [15.395568, 60.388389], [15.396566, 60.387995], [15.39803, 60.38745], [15.399927, 60.386782], [15.403926, 60.38535]]}}, {"type": "Feature", "properties": {"objekttyp": "Lintrafik", "id": "af966459-6fad-4cc3-a2d6-6c7a8fa2f55b"}, "geometry": {"type": "LineString", "coordinates": [[15.388339, 60.391606], [15.386025, 60.391809], [15.385904, 60.39182]]}}, {"type": "Feature", "properties": {"objekttyp": "Lintrafik", "id": "e2600fb4-e4bb-44af-8846-ad0d379a6439"}, "geometry": {"type": "LineString", "coordinates": [[15.385904, 60.39182], [15.3859, 60.39182]]}}, {"type": "Feature", "properties": {"objekttyp": "Lintrafik", "id": "cadeedc5-6cf4-4a54-a674-b4ca5cb59538"}, "geometry": {"type": "LineString", "coordinates": [[15.3859, 60.39182], [15.3859, 60.39182]]}}, {"type": "Feature", "properties": {"objekttyp": "Lintrafik", "id": "f03e5b93-a81f-43cc-b406-5fd444b9f74e"}, "geometry": {"type": "LineString", "coordinates": [[15.3859, 60.39182], [15.3859, 60.39182]]}}, {"type": "Feature", "properties": {"objekttyp": "Lintrafik", "id": "7ace9035-546d-4fa1-b2de-bfae277d30aa"}, "geometry": {"type": "LineString", "coordinates": [[15.3859, 60.391821], [15.385904, 60.39182]]}}, {"type": "Feature", "properties": {"objekttyp": "Lintrafik", "id": "707ba2ed-62a6-4d05-be00-a4b9878e18e0"}, "geometry": {"type": "LineString", "coordinates": [[15.3859, 60.39182], [15.384142, 60.391974]]}}, {"type": "Feature", "properties": {"objekttyp": "Lintrafik", "id": "6cba67e1-bb8a-41f8-83c7-36e5c18e0207"}, "geometry": {"type": "LineString", "coordinates": [[15.384351, 60.392369], [15.385569, 60.391937], [15.3859, 60.39182]]}}, {"type": "Feature", "properties": {"objekttyp": "Lintrafik", "id": "1b9f5340-dcaa-4d1f-8455-2f573d0e83dd"}, "geometry": {"type": "LineString", "coordinates": [[15.384249, 60.392534], [15.3845, 60.392477], [15.38475, 60.39242], [15.384999, 60.392363], [15.385033, 60.392356], [15.385249, 60.392307], [15.385295, 60.392296], [15.385499, 60.39225], [15.385557, 60.392237], [15.385749, 60.392193], [15.385819, 60.392177], [15.385999, 60.392136], [15.386081, 60.392118], [15.386249, 60.39208], [15.386343, 60.392058], [15.386499, 60.392023], [15.386605, 60.391999], [15.386749, 60.391966], [15.386867, 60.39194], [15.386999, 60.39191], [15.387129, 60.39188], [15.387249, 60.391853], [15.387391, 60.391821], [15.387499, 60.391796], [15.387653, 60.391761], [15.387748, 60.39174], [15.387915, 60.391702], [15.387998, 60.391683], [15.388177, 60.391642], [15.388248, 60.391626], [15.388339, 60.391606]]}}, {"type": "Feature", "properties": {"objekttyp": "Lintrafik", "id": "a0371fa4-e77c-4243-a279-88cc7d2a2bac"}, "geometry": {"type": "LineString", "coordinates": [[15.384015, 60.392772], [15.384525, 60.392825], [15.387747, 60.393159], [15.388076, 60.393157]]}}, {"type": "Feature", "properties": {"objekttyp": "Lintrafik", "id": "8611917e-a80b-4dba-9bf5-77979105cd0b"}, "geometry": {"type": "LineString", "coordinates": [[15.468406, 60.40713], [15.469385, 60.411296]]}}, {"type": "Feature", "properties": {"objekttyp": "Lintrafik", "id": "d5bf6c52-d639-4354-b459-5705ae1beb40"}, "geometry": {"type": "LineString", "coordinates": [[15.468015, 60.411428], [15.467231, 60.410109], [15.465504, 60.407255], [15.464325, 60.405339], [15.463174, 60.403438]]}}, {"type": "Feature", "properties": {"objekttyp": "Lintrafik", "id": "85841c15-8af6-455d-bf5a-957ab596aa07"}, "geometry": {"type": "LineString", "coordinates": [[15.385126, 60.49056], [15.383916, 60.490171], [15.382707, 60.489782]]}}, {"type": "Feature", "properties": {"objekttyp": "Lintrafik", "id": "5deffda6-0ffa-4ae5-8a9d-778707bf5e85"}, "geometry": {"type": "LineString", "coordinates": [[14.045502, 60.50411], [14.039104, 60.504147], [14.038099, 60.504153], [14.0364, 60.504163], [14.032706, 60.50421]]}}, {"type": "Feature", "properties": {"objekttyp": "Lintrafik", "id": "6fe53ad3-e953-45e0-8236-8c0fae406752"}, "geometry": {"type": "LineString", "coordinates": [[16.326419, 60.563415], [16.323942, 60.564316], [16.323896, 60.564333], [16.322153, 60.564967], [16.321371, 60.565218]]}}, {"type": "Feature", "properties": {"objekttyp": "Lintrafik", "id": "59def05f-dc01-4cef-9c48-72ea0acbfee5"}, "geometry": {"type": "LineString", "coordinates": [[15.627434, 60.570895], [15.625413, 60.570326], [15.622761, 60.56955], [15.620942, 60.568969]]}}, {"type": "Feature", "properties": {"objekttyp": "Lintrafik", "id": "c57a51f6-69b4-44a7-9e1a-3529dd682622"}, "geometry": {"type": "LineString", "coordinates": [[15.626422, 60.571582], [15.622753, 60.570937], [15.615969, 60.569729]]}}, {"type": "Feature", "properties": {"objekttyp": "Lintrafik", "id": "930d2101-6872-4415-b5a3-eba5bd91ce30"}, "geometry": {"type": "LineString", "coordinates": [[15.658683, 60.620101], [15.662259, 60.620662], [15.665834, 60.621224]]}}, {"type": "Feature", "properties": {"objekttyp": "Lintrafik", "id": "f73d8faa-8fc3-4184-ac6d-edf39a0cc2c7"}, "geometry": {"type": "LineString", "coordinates": [[13.177429, 61.153732], [13.177254, 61.153592], [13.177282, 61.153609], [13.180708, 61.155634], [13.181041, 61.15583]]}}, {"type": "Feature", "properties": {"objekttyp": "Lintrafik", "id": "e7e988cb-f87b-47da-8efd-11add21a3c83"}, "geometry": {"type": "LineString", "coordinates": [[13.181054, 61.155837], [13.181041, 61.15583]]}}, {"type": "Feature", "properties": {"objekttyp": "Lintrafik", "id": "c857ede8-e7b5-495c-978d-4c66b563f9c3"}, "geometry": {"type": "LineString", "coordinates": [[12.946332, 60.649572], [12.946334, 60.649571], [12.946601, 60.649353], [12.946868, 60.649135], [12.947135, 60.648917], [12.947402, 60.648699], [12.947669, 60.648482], [12.947936, 60.648264], [12.948203, 60.648046], [12.94847, 60.647828], [12.948737, 60.64761], [12.949004, 60.647393], [12.949271, 60.647175], [12.949538, 60.646957], [12.949805, 60.646739], [12.950072, 60.646521], [12.950329, 60.646312], [12.950339, 60.646303], [12.950606, 60.646086]]}}, {"type": "Feature", "properties": {"objekttyp": "Lintrafik", "id": "a0bd156b-a8ea-4e3f-a35d-39023384d261"}, "geometry": {"type": "LineString", "coordinates": [[12.940555, 60.64977], [12.938296, 60.650953]]}}, {"type": "Feature", "properties": {"objekttyp": "Lintrafik", "id": "2fe93982-a44a-4dab-bd44-8550371a46e7"}, "geometry": {"type": "LineString", "coordinates": [[12.941013, 60.649481], [12.946413, 60.651479]]}}, {"type": "Feature", "properties": {"objekttyp": "Lintrafik", "id": "5cb9b977-06b3-4f6f-be61-8d46e8c8beff"}, "geometry": {"type": "LineString", "coordinates": [[12.968393, 60.652142], [12.950435, 60.644632], [12.950032, 60.644464]]}}, {"type": "Feature", "properties": {"objekttyp": "Lintrafik", "id": "e5b24781-f447-4431-9192-7cf2d7580da4"}, "geometry": {"type": "LineString", "coordinates": [[12.968146, 60.65262], [12.966032, 60.652152], [12.96415, 60.65174], [12.96217, 60.651299], [12.960209, 60.650872], [12.957098, 60.650176], [12.955093, 60.649748], [12.954041, 60.649511]]}}, {"type": "Feature", "properties": {"objekttyp": "Lintrafik", "id": "ed7edec9-5b32-4173-ab92-81e1ac127a74"}, "geometry": {"type": "LineString", "coordinates": [[12.935583, 60.651209], [12.936986, 60.651499], [12.940758, 60.652279], [12.944216, 60.652995]]}}, {"type": "Feature", "properties": {"objekttyp": "Lintrafik", "id": "53e5c990-4411-40ff-9091-c8a54a3ee42a"}, "geometry": {"type": "LineString", "coordinates": [[12.936714, 60.651709], [12.937625, 60.65199], [12.938446, 60.652243], [12.938481, 60.652254], [12.939427, 60.652546], [12.940812, 60.652973], [12.941513, 60.653189], [12.942293, 60.65343], [12.94329, 60.653737]]}}, {"type": "Feature", "properties": {"objekttyp": "Lintrafik", "id": "8088cc15-ed1b-4187-803b-7fb3f202024c"}, "geometry": {"type": "LineString", "coordinates": [[17.169076, 60.652567], [17.169584, 60.651906], [17.170093, 60.651246]]}}, {"type": "Feature", "properties": {"objekttyp": "Lintrafik", "id": "4da81e54-e180-4cfc-9056-c9c9f6510f5d"}, "geometry": {"type": "LineString", "coordinates": [[12.964761, 60.658929], [12.962029, 60.658166], [12.959375, 60.657421], [12.957898, 60.656997], [12.957682, 60.656937], [12.953354, 60.655727], [12.951674, 60.655254], [12.950481, 60.654922], [12.949793, 60.65473], [12.947751, 60.65416], [12.945706, 60.65358], [12.945233, 60.653438]]}}, {"type": "Feature", "properties": {"objekttyp": "Lintrafik", "id": "e985c1d5-509e-408d-9a94-d8b4dbad2e11"}, "geometry": {"type": "LineString", "coordinates": [[12.944501, 60.653004], [12.943981, 60.653346], [12.943922, 60.653393], [12.94337, 60.653825], [12.942613, 60.654395], [12.941984, 60.654902], [12.941011, 60.655653], [12.940124, 60.656348], [12.937059, 60.658734]]}}, {"type": "Feature", "properties": {"objekttyp": "Lintrafik", "id": "df2025c9-6881-4a28-836b-a25cf5aa7a20"}, "geometry": {"type": "LineString", "coordinates": [[12.963994, 60.659702], [12.956921, 60.657535]]}}, {"type": "Feature", "properties": {"objekttyp": "Lintrafik", "id": "3085c872-85f5-4834-9d3e-3abfabffd19b"}, "geometry": {"type": "LineString", "coordinates": [[12.931138, 60.658034], [12.936696, 60.659494]]}}, {"type": "Feature", "properties": {"objekttyp": "Lintrafik", "id": "1eb2ae34-473e-413f-9c8d-2d073314023c"}, "geometry": {"type": "LineString", "coordinates": [[12.937559, 60.660186], [12.937712, 60.660029], [12.937763, 60.659976], [12.938188, 60.659539], [12.938706, 60.659013], [12.939773, 60.657921], [12.940963, 60.656707], [12.941199, 60.656464], [12.942463, 60.65517], [12.943491, 60.654118], [12.944015, 60.653583], [12.944153, 60.653449]]}}, {"type": "Feature", "properties": {"objekttyp": "Lintrafik", "id": "d08bd5cc-ce8b-48dc-a395-58e57b8a57be"}, "geometry": {"type": "LineString", "coordinates": [[15.937887, 60.695739], [15.936728, 60.694717], [15.935361, 60.693509], [15.935342, 60.693492], [15.934619, 60.692853], [15.932799, 60.691279]]}}, {"type": "Feature", "properties": {"objekttyp": "Lintrafik", "id": "21239870-bec9-4495-a43d-8ce4ed5f45b2"}, "geometry": {"type": "LineString", "coordinates": [[14.866224, 60.730496], [14.868069, 60.729278], [14.871235, 60.727189], [14.876246, 60.723881]]}}, {"type": "Feature", "properties": {"objekttyp": "Lintrafik", "id": "3a7ec80e-a3a3-4c7e-b845-ce24344f0895"}, "geometry": {"type": "LineString", "coordinates": [[16.490765, 60.750536], [16.491876, 60.750225], [16.492989, 60.749914], [16.494103, 60.749602], [16.495216, 60.749291], [16.496329, 60.748979], [16.497442, 60.748668], [16.498556, 60.748356], [16.499435, 60.74811], [16.499669, 60.748045], [16.500782, 60.747733], [16.501895, 60.747421], [16.503009, 60.74711], [16.504122, 60.746798], [16.505235, 60.746487], [16.506348, 60.746175], [16.507461, 60.745863], [16.508576, 60.745551]]}}, {"type": "Feature", "properties": {"objekttyp": "Lintrafik", "id": "1e49e7f7-2f4a-457a-b3dd-c89c3303fde0"}, "geometry": {"type": "LineString", "coordinates": [[15.461094, 60.756352], [15.461906, 60.758493]]}}, {"type": "Feature", "properties": {"objekttyp": "Lintrafik", "id": "d66b0ede-7561-47b1-9ed0-98b252f63d1b"}, "geometry": {"type": "LineString", "coordinates": [[15.462131, 60.758923], [15.45856, 60.758926], [15.457778, 60.758942], [15.454816, 60.758953], [15.45427, 60.758955], [15.45328, 60.758951]]}}, {"type": "Feature", "properties": {"objekttyp": "Lintrafik", "id": "15c9cd00-b15e-4ca9-99a2-c6846ee9a837"}, "geometry": {"type": "LineString", "coordinates": [[15.45271, 60.760448], [15.45293, 60.760418], [15.454515, 60.760184], [15.454833, 60.760135], [15.455962, 60.759963], [15.457178, 60.759799], [15.460851, 60.759304], [15.462132, 60.759132], [15.463365, 60.758967]]}}, {"type": "Feature", "properties": {"objekttyp": "Lintrafik", "id": "f0d8da73-82bd-4b40-8d66-10aa3e11b796"}, "geometry": {"type": "LineString", "coordinates": [[15.447578, 60.761231], [15.448042, 60.761163], [15.452477, 60.760476]]}}, {"type": "Feature", "properties": {"objekttyp": "Lintrafik", "id": "3999aedc-83df-4a4a-ab3e-35e08c076102"}, "geometry": {"type": "LineString", "coordinates": [[16.496152, 60.751865], [16.496859, 60.752753], [16.499823, 60.756475], [16.501387, 60.758437]]}}, {"type": "Feature", "properties": {"objekttyp": "Lintrafik", "id": "2c123708-3364-4b2d-9232-d0a3d2c6e9cc"}, "geometry": {"type": "LineString", "coordinates": [[16.498691, 60.759397], [16.495113, 60.755379], [16.492813, 60.752795], [16.491672, 60.751514]]}}, {"type": "Feature", "properties": {"objekttyp": "Lintrafik", "id": "4d69ba25-1b2e-4ed5-ac8d-f426cae92861"}, "geometry": {"type": "LineString", "coordinates": [[16.494314, 60.759515], [16.494308, 60.7595], [16.494297, 60.759477], [16.494162, 60.759171], [16.494026, 60.758865], [16.493959, 60.758712], [16.493891, 60.758559], [16.493818, 60.758393], [16.493755, 60.758253], [16.49362, 60.757947], [16.49361, 60.757923], [16.493484, 60.757641], [16.493349, 60.757334], [16.493328, 60.757286], [16.493261, 60.757135], [16.493214, 60.757028], [16.49291, 60.756347], [16.492888, 60.756297], [16.492836, 60.75618], [16.492564, 60.755565], [16.492346, 60.755073], [16.492338, 60.755053], [16.49224, 60.754833], [16.491917, 60.754101], [16.491857, 60.753966], [16.491766, 60.75376], [16.491593, 60.753369], [16.491368, 60.752858], [16.491347, 60.752813], [16.49127, 60.752637], [16.491194, 60.752466], [16.490946, 60.751905], [16.490878, 60.751751], [16.490623, 60.751173], [16.490529, 60.751045], [16.490442, 60.750917], [16.490362, 60.750788], [16.490292, 60.750656]]}}, {"type": "Feature", "properties": {"objekttyp": "Lintrafik", "id": "6e4dd01c-7ffc-4efd-a463-5c44e98720cf"}, "geometry": {"type": "LineString", "coordinates": [[16.494429, 60.755459], [16.495131, 60.756903], [16.496497, 60.759712]]}}, {"type": "Feature", "properties": {"objekttyp": "Lintrafik", "id": "36d262f3-ae1e-4ca9-b3bd-c4e73e1b20cf"}, "geometry": {"type": "LineString", "coordinates": [[15.452069, 60.767368], [15.451213, 60.766614], [15.449237, 60.764725], [15.446641, 60.76226]]}}, {"type": "Feature", "properties": {"objekttyp": "Lintrafik", "id": "305a872c-4faa-4092-a7d7-40e039a63ef9"}, "geometry": {"type": "LineString", "coordinates": [[16.494205, 60.757014], [16.495607, 60.759831]]}}, {"type": "Feature", "properties": {"objekttyp": "Lintrafik", "id": "4540ca4c-44b1-44ac-9563-78dd652e590e"}, "geometry": {"type": "LineString", "coordinates": [[15.460776, 60.767571], [15.458018, 60.766426], [15.455623, 60.765398], [15.454905, 60.765081], [15.454456, 60.764882], [15.452378, 60.764015], [15.450854, 60.763358], [15.449415, 60.762749], [15.447695, 60.762018], [15.447629, 60.76199], [15.446304, 60.761443]]}}, {"type": "Feature", "properties": {"objekttyp": "Lintrafik", "id": "5e2be76f-8375-48f9-a42d-352e16ce6659"}, "geometry": {"type": "LineString", "coordinates": [[12.879059, 60.818799], [12.877256, 60.818229], [12.875453, 60.817659]]}}, {"type": "Feature", "properties": {"objekttyp": "Lintrafik", "id": "8c2499eb-4174-42fa-b70f-0bce41c574ff"}, "geometry": {"type": "LineString", "coordinates": [[14.519484, 60.877389], [14.519495, 60.877304], [14.519555, 60.876847], [14.519595, 60.876541], [14.519615, 60.87639], [14.519675, 60.875933], [14.519718, 60.875605], [14.519735, 60.875476], [14.519795, 60.875019], [14.519841, 60.87467], [14.519855, 60.874563], [14.519905, 60.874178], [14.519915, 60.874106], [14.519963, 60.873735], [14.519975, 60.873649], [14.520034, 60.873192], [14.520086, 60.8728], [14.520094, 60.872735], [14.520113, 60.87259], [14.520154, 60.872278], [14.520209, 60.871865], [14.520214, 60.871821], [14.520274, 60.871364], [14.520331, 60.870929], [14.520334, 60.870908], [14.520394, 60.870451], [14.520454, 60.869994], [14.520459, 60.869956], [14.520464, 60.869918], [14.520469, 60.86988], [14.520474, 60.869841]]}}, {"type": "Feature", "properties": {"objekttyp": "Lintrafik", "id": "f9787304-2795-47eb-8ded-d0faa9a1359d"}, "geometry": {"type": "LineString", "coordinates": [[14.518559, 60.872573], [14.518488, 60.874173], [14.518341, 60.877445]]}}, {"type": "Feature", "properties": {"objekttyp": "Lintrafik", "id": "45ab0753-185b-4abf-b586-523899d58c0c"}, "geometry": {"type": "LineString", "coordinates": [[14.526741, 60.87854], [14.523127, 60.876947], [14.52256, 60.876694], [14.52095, 60.875978]]}}, {"type": "Feature", "properties": {"objekttyp": "Lintrafik", "id": "81f3d409-f9c5-45d8-94c9-7e0735baa8ae"}, "geometry": {"type": "LineString", "coordinates": [[15.132607, 60.88047], [15.139629, 60.878956], [15.139706, 60.878938], [15.139785, 60.878919], [15.139863, 60.878901], [15.139942, 60.878883], [15.140021, 60.878865], [15.1401, 60.878846], [15.140179, 60.878828], [15.14021, 60.878821], [15.140258, 60.87881], [15.140753, 60.878695], [15.140792, 60.878686], [15.141002, 60.878637], [15.141333, 60.87856], [15.141373, 60.878551], [15.141955, 60.878416], [15.142409, 60.87831], [15.142536, 60.878281], [15.143118, 60.878146], [15.143484, 60.878061], [15.143699, 60.878011], [15.144281, 60.877876], [15.144559, 60.877811], [15.144862, 60.877741], [15.145444, 60.877606], [15.145634, 60.877561], [15.146025, 60.877471], [15.146607, 60.877336], [15.146709, 60.877312], [15.147188, 60.877201], [15.14777, 60.877066], [15.148351, 60.876931], [15.14886, 60.876812], [15.148897, 60.876804]]}}, {"type": "Feature", "properties": {"objekttyp": "Lintrafik", "id": "bd22f0ab-9b43-4bbf-9307-d8d4048d45ac"}, "geometry": {"type": "LineString", "coordinates": [[13.372826, 61.030573], [13.372219, 61.030152], [13.371614, 61.029731], [13.371008, 61.029311], [13.370402, 61.02889], [13.369797, 61.02847], [13.369191, 61.02805], [13.368585, 61.027629], [13.36798, 61.027209], [13.367374, 61.026788], [13.366769, 61.026368], [13.366163, 61.025948], [13.365558, 61.025527], [13.364952, 61.025107], [13.364347, 61.024686], [13.363741, 61.024266], [13.363136, 61.023845]]}}, {"type": "Feature", "properties": {"objekttyp": "Lintrafik", "id": "a3ba9bf8-1970-45b8-8a58-5849ca3abbbf"}, "geometry": {"type": "LineString", "coordinates": [[13.347636, 61.031013], [13.353784, 61.030201]]}}, {"type": "Feature", "properties": {"objekttyp": "Lintrafik", "id": "74a75b67-5588-438e-8bff-71bc695d222a"}, "geometry": {"type": "LineString", "coordinates": [[13.341869, 61.0328], [13.345295, 61.032234], [13.348058, 61.031778], [13.354103, 61.030779], [13.356785, 61.030335], [13.359833, 61.029831], [13.362685, 61.02936]]}}, {"type": "Feature", "properties": {"objekttyp": "Lintrafik", "id": "b34746a2-6c7c-4c8c-a670-80de2a3016ea"}, "geometry": {"type": "LineString", "coordinates": [[13.360743, 61.033804], [13.360718, 61.033204], [13.360686, 61.032422], [13.360603, 61.030384]]}}, {"type": "Feature", "properties": {"objekttyp": "Lintrafik", "id": "6e9296aa-8e5e-495f-a78d-3819b8b6f671"}, "geometry": {"type": "LineString", "coordinates": [[13.3414, 61.033764], [13.339886, 61.03358]]}}, {"type": "Feature", "properties": {"objekttyp": "Lintrafik", "id": "9e7a20d7-80da-4db2-8821-d7496ade7293"}, "geometry": {"type": "LineString", "coordinates": [[13.339942, 61.033318], [13.3414, 61.033764]]}}, {"type": "Feature", "properties": {"objekttyp": "Lintrafik", "id": "fe9833b8-0d0c-4ab1-9f21-94b0e4a9beac"}, "geometry": {"type": "LineString", "coordinates": [[13.341418, 61.033767], [13.3414, 61.033764]]}}, {"type": "Feature", "properties": {"objekttyp": "Lintrafik", "id": "436d9709-7be2-432d-9270-1f25caf8c921"}, "geometry": {"type": "LineString", "coordinates": [[13.341401, 61.033761], [13.341418, 61.033767]]}}, {"type": "Feature", "properties": {"objekttyp": "Lintrafik", "id": "5e7d112b-92ff-437c-9625-acb6c92c31ea"}, "geometry": {"type": "LineString", "coordinates": [[13.347315, 61.034603], [13.341418, 61.033767]]}}, {"type": "Feature", "properties": {"objekttyp": "Lintrafik", "id": "181c994a-cfff-45c2-90b1-b8be872b1b71"}, "geometry": {"type": "LineString", "coordinates": [[13.347164, 61.034866], [13.347174, 61.034864], [13.347877, 61.03471], [13.34858, 61.034556], [13.349283, 61.034403], [13.349986, 61.034249], [13.350689, 61.034095], [13.351393, 61.033941], [13.352095, 61.033787], [13.352798, 61.033633], [13.353501, 61.03348], [13.354204, 61.033326], [13.354907, 61.033172], [13.354934, 61.033166], [13.35561, 61.033018], [13.355641, 61.033011], [13.356313, 61.032864], [13.356348, 61.032857], [13.35667, 61.032786], [13.357016, 61.03271], [13.357055, 61.032702], [13.357719, 61.032556], [13.357762, 61.032547], [13.358422, 61.032403], [13.358446, 61.032397]]}}, {"type": "Feature", "properties": {"objekttyp": "Lintrafik", "id": "7318215c-a9fb-4d3f-9f2c-623c8ce5ae15"}, "geometry": {"type": "LineString", "coordinates": [[13.341418, 61.033767], [13.346006, 61.035155], [13.347092, 61.0348], [13.354596, 61.032347], [13.356726, 61.031651], [13.360602, 61.030384]]}}, {"type": "Feature", "properties": {"objekttyp": "Lintrafik", "id": "a960639f-f885-449d-ba72-e03d07549f4a"}, "geometry": {"type": "LineString", "coordinates": [[13.368423, 61.035539], [13.371415, 61.032552], [13.37349, 61.030481]]}}, {"type": "Feature", "properties": {"objekttyp": "Lintrafik", "id": "c7cfe6c1-56f7-4766-90c6-9b2de31fe103"}, "geometry": {"type": "LineString", "coordinates": [[13.348155, 61.036065], [13.348216, 61.036057], [13.34849, 61.036018], [13.348603, 61.036002], [13.348884, 61.035962], [13.34899, 61.035947], [13.349279, 61.035906], [13.349378, 61.035892], [13.349673, 61.03585], [13.349765, 61.035836], [13.350068, 61.035793], [13.350152, 61.035781], [13.350462, 61.035737], [13.35054, 61.035726], [13.350856, 61.035681], [13.350927, 61.035671], [13.351251, 61.035625], [13.351315, 61.035616], [13.351645, 61.035569], [13.351702, 61.035561], [13.35204, 61.035513], [13.352089, 61.035506], [13.352434, 61.035457], [13.352477, 61.035451], [13.352829, 61.035401], [13.352864, 61.035396], [13.353223, 61.035345], [13.353252, 61.035341], [13.353639, 61.035285], [13.354026, 61.03523], [13.35441, 61.035176]]}}, {"type": "Feature", "properties": {"objekttyp": "Lintrafik", "id": "062b8d1a-1fc1-4499-bf86-a61bd80e5e9d"}, "geometry": {"type": "LineString", "coordinates": [[13.352496, 61.036543], [13.351472, 61.03655], [13.351432, 61.036549], [13.351391, 61.036549], [13.351351, 61.036548], [13.35131, 61.036548], [13.35127, 61.036547], [13.351257, 61.036547], [13.351229, 61.036547], [13.351189, 61.036546], [13.351148, 61.036546], [13.351042, 61.036544], [13.350826, 61.036542], [13.350754, 61.036541], [13.350611, 61.036539], [13.350396, 61.036536], [13.35036, 61.036536], [13.35018, 61.036534], [13.349965, 61.036531], [13.34975, 61.036528], [13.349571, 61.036526], [13.349534, 61.036526], [13.349319, 61.036523], [13.349176, 61.036521], [13.349104, 61.036521], [13.348888, 61.036518], [13.348782, 61.036517], [13.348673, 61.036515], [13.348458, 61.036513], [13.348388, 61.036512], [13.348242, 61.03651], [13.348027, 61.036507], [13.34801, 61.036507]]}}, {"type": "Feature", "properties": {"objekttyp": "Lintrafik", "id": "20ddc55a-0e41-4585-b149-a6c53295d86a"}, "geometry": {"type": "LineString", "coordinates": [[13.362946, 61.037375], [13.362283, 61.033789], [13.362163, 61.033141]]}}, {"type": "Feature", "properties": {"objekttyp": "Lintrafik", "id": "6b85a384-7097-4f30-b29b-44a241279e8f"}, "geometry": {"type": "LineString", "coordinates": [[13.3672, 61.041109], [13.362999, 61.037835]]}}, {"type": "Feature", "properties": {"objekttyp": "Lintrafik", "id": "dc6be1da-c964-4d6b-ae3f-2eb7758c0ada"}, "geometry": {"type": "LineString", "coordinates": [[14.245786, 61.097024], [14.246651, 61.09564], [14.247207, 61.09473], [14.247273, 61.094619], [14.247788, 61.09375], [14.249165, 61.093191], [14.249348, 61.093116], [14.251549, 61.09226], [14.252068, 61.092072]]}}, {"type": "Feature", "properties": {"objekttyp": "Lintrafik", "id": "c71aca6b-c8a0-4d2f-a141-1dc59faaa92e"}, "geometry": {"type": "LineString", "coordinates": [[14.24563, 61.09733], [14.245987, 61.097054], [14.249131, 61.094628], [14.252274, 61.092201], [14.25263, 61.091926]]}}, {"type": "Feature", "properties": {"objekttyp": "Lintrafik", "id": "f7ebe20e-ae9e-4288-8ace-54b0032bee06"}, "geometry": {"type": "LineString", "coordinates": [[13.207546, 61.151631], [13.203618, 61.150815], [13.200632, 61.150194]]}}, {"type": "Feature", "properties": {"objekttyp": "Lintrafik", "id": "ca367e60-3dfd-407a-a3a8-1d3e067536d4"}, "geometry": {"type": "LineString", "coordinates": [[13.209329, 61.151725], [13.207826, 61.151317], [13.204184, 61.150328], [13.203065, 61.150011], [13.201947, 61.149694], [13.201253, 61.149497], [13.200828, 61.149376], [13.199709, 61.149059], [13.198591, 61.148741], [13.197472, 61.148424], [13.196354, 61.148106], [13.195236, 61.147789], [13.194117, 61.147471], [13.192999, 61.147154], [13.19188, 61.146837], [13.190762, 61.146519], [13.189644, 61.146202], [13.188525, 61.145884], [13.187407, 61.145566], [13.186289, 61.145249], [13.186189, 61.145221], [13.18609, 61.145192], [13.18599, 61.145164], [13.185957, 61.145155], [13.185941, 61.14515], [13.185924, 61.145145], [13.185891, 61.145136]]}}, {"type": "Feature", "properties": {"objekttyp": "Lintrafik", "id": "aa8d2de2-7c57-4ae7-83de-c464a95676e9"}, "geometry": {"type": "LineString", "coordinates": [[13.145473, 61.152844], [13.175601, 61.153513], [13.175706, 61.153515]]}}, {"type": "Feature", "properties": {"objekttyp": "Lintrafik", "id": "dc115bc6-4a33-4498-a335-1aadf431e8d5"}, "geometry": {"type": "LineString", "coordinates": [[13.176072, 61.152961], [13.176869, 61.153419], [13.177238, 61.153626], [13.177269, 61.153644], [13.177301, 61.153661], [13.177333, 61.153679], [13.177348, 61.153687], [13.177365, 61.153697], [13.177429, 61.153732]]}}, {"type": "Feature", "properties": {"objekttyp": "Lintrafik", "id": "a12595b0-6f93-4300-8bd6-e75426a8cb37"}, "geometry": {"type": "LineString", "coordinates": [[13.197177, 61.15467], [13.196486, 61.154304], [13.195795, 61.153937], [13.195105, 61.153571], [13.194415, 61.153205], [13.193724, 61.152839], [13.193034, 61.152472], [13.192344, 61.152106], [13.191653, 61.15174], [13.190963, 61.151374], [13.190273, 61.151007], [13.189583, 61.150641], [13.188892, 61.150275], [13.188202, 61.149908], [13.187512, 61.149542], [13.186822, 61.149176], [13.186131, 61.148809]]}}, {"type": "Feature", "properties": {"objekttyp": "Lintrafik", "id": "d1921ac5-1f24-4c62-b1f9-7722c0072872"}, "geometry": {"type": "LineString", "coordinates": [[13.184832, 61.147587], [13.186872, 61.148483], [13.196441, 61.15269], [13.196778, 61.152836], [13.197115, 61.152982], [13.197432, 61.15312], [13.197762, 61.153263], [13.197788, 61.153274], [13.198092, 61.153406], [13.198125, 61.15342], [13.198422, 61.153549], [13.198462, 61.153566], [13.198753, 61.153692], [13.198799, 61.153712], [13.199083, 61.153836], [13.199135, 61.153858], [13.199413, 61.153979], [13.199472, 61.154005], [13.199743, 61.154122], [13.199809, 61.154151], [13.200074, 61.154265], [13.200146, 61.154297], [13.200404, 61.154408], [13.200483, 61.154443], [13.200734, 61.154552], [13.200819, 61.154589], [13.201064, 61.154695], [13.201156, 61.154735], [13.201395, 61.154838], [13.201493, 61.154881], [13.201725, 61.154981], [13.201777, 61.155004]]}}, {"type": "Feature", "properties": {"objekttyp": "Lintrafik", "id": "e4c3f9bc-5232-4b89-8f73-c5f596de0f51"}, "geometry": {"type": "LineString", "coordinates": [[13.198562, 61.155719], [13.196128, 61.154904]]}}, {"type": "Feature", "properties": {"objekttyp": "Lintrafik", "id": "144fc99e-1e57-4adb-8d04-0e6219c59c14"}, "geometry": {"type": "LineString", "coordinates": [[13.115553, 61.154871], [13.115537, 61.154843], [13.115522, 61.154815], [13.115475, 61.154729], [13.11545, 61.154683], [13.115428, 61.154643], [13.115422, 61.154632], [13.115381, 61.154558], [13.115373, 61.154544], [13.115363, 61.154524], [13.115251, 61.15432], [13.115139, 61.154116], [13.114561, 61.153007], [13.114545, 61.152975], [13.114292, 61.15249], [13.11376, 61.15147], [13.113719, 61.151391], [13.113444, 61.150864], [13.112963, 61.149931], [13.112899, 61.149807], [13.11286, 61.149731], [13.112275, 61.148598], [13.112169, 61.148393], [13.112081, 61.148222], [13.111939, 61.147946], [13.111854, 61.147782], [13.111762, 61.147603], [13.111709, 61.1475], [13.111628, 61.147343], [13.111479, 61.147054], [13.111401, 61.146903], [13.111248, 61.146608]]}}, {"type": "Feature", "properties": {"objekttyp": "Lintrafik", "id": "34e45efc-e692-4eda-ab8a-d05f8098b8e1"}, "geometry": {"type": "LineString", "coordinates": [[13.181041, 61.15583], [13.181034, 61.155827], [13.181005, 61.155812], [13.180974, 61.155796], [13.180688, 61.155638], [13.180677, 61.155632], [13.18056, 61.155565], [13.180078, 61.155286], [13.180039, 61.155263], [13.179917, 61.155192], [13.179598, 61.155005], [13.179149, 61.154742], [13.179119, 61.154724], [13.17864, 61.154443], [13.178383, 61.154292], [13.178161, 61.154162], [13.177682, 61.153881], [13.177616, 61.153841], [13.177566, 61.153812], [13.177554, 61.153806], [13.177493, 61.15377], [13.17746, 61.15375], [13.177453, 61.153747], [13.17743, 61.153734]]}}, {"type": "Feature", "properties": {"objekttyp": "Lintrafik", "id": "e60d8fa2-5fb6-429f-bf77-815892f83f44"}, "geometry": {"type": "LineString", "coordinates": [[13.181041, 61.15583], [13.181055, 61.155838]]}}, {"type": "Feature", "properties": {"objekttyp": "Lintrafik", "id": "103a86c5-e729-4224-b138-6f29fc1594d2"}, "geometry": {"type": "LineString", "coordinates": [[13.202397, 61.155707], [13.201551, 61.155913], [13.199118, 61.156503]]}}, {"type": "Feature", "properties": {"objekttyp": "Lintrafik", "id": "bfa40514-bbd9-4599-a265-775f2e2d520d"}, "geometry": {"type": "LineString", "coordinates": [[13.202638, 61.156518], [13.199272, 61.156651], [13.198896, 61.156666], [13.198719, 61.156673]]}}, {"type": "Feature", "properties": {"objekttyp": "Lintrafik", "id": "a417645d-cf65-4217-8ae6-45b792256e50"}, "geometry": {"type": "LineString", "coordinates": [[13.195872, 61.156989], [13.195682, 61.15688], [13.195488, 61.156769], [13.195468, 61.156757], [13.195295, 61.156657], [13.195267, 61.156642], [13.195101, 61.156546], [13.195067, 61.156527], [13.194907, 61.156435], [13.194866, 61.156411], [13.194714, 61.156324], [13.194666, 61.156296], [13.19452, 61.156213], [13.194465, 61.156181], [13.194327, 61.156102], [13.194264, 61.156066], [13.193815, 61.155808], [13.192742, 61.155192], [13.192687, 61.15516], [13.191157, 61.154282], [13.191109, 61.154255], [13.189572, 61.153372], [13.189532, 61.153349], [13.187987, 61.152462], [13.187954, 61.152443], [13.186402, 61.151552], [13.186377, 61.151537], [13.1848, 61.150631], [13.183223, 61.149725], [13.181647, 61.14882]]}}, {"type": "Feature", "properties": {"objekttyp": "Lintrafik", "id": "ab85f9c4-40e0-463f-be75-374b29216799"}, "geometry": {"type": "LineString", "coordinates": [[13.116609, 61.154831], [13.134982, 61.156843]]}}, {"type": "Feature", "properties": {"objekttyp": "Lintrafik", "id": "dcda42e6-2f3c-4601-89a5-a8b81519dfd9"}, "geometry": {"type": "LineString", "coordinates": [[13.202066, 61.157781], [13.20192, 61.157735], [13.20172, 61.157672], [13.20152, 61.157608], [13.20132, 61.157545], [13.201119, 61.157482], [13.200918, 61.157419], [13.200718, 61.157356], [13.200517, 61.157293], [13.200467, 61.157278], [13.200316, 61.15723], [13.200259, 61.157212], [13.200116, 61.157167], [13.200052, 61.157147], [13.199916, 61.157104], [13.199845, 61.157081], [13.199716, 61.15704], [13.199638, 61.157015], [13.199516, 61.156976], [13.19943, 61.156949], [13.199316, 61.156913], [13.199223, 61.156884], [13.199116, 61.15685], [13.199016, 61.156818], [13.198916, 61.156786], [13.198848, 61.156765]]}}, {"type": "Feature", "properties": {"objekttyp": "Lintrafik", "id": "d65c2760-badc-4a06-b4bc-22bc6adc12fa"}, "geometry": {"type": "LineString", "coordinates": [[13.116926, 61.156856], [13.116925, 61.156852], [13.116895, 61.156759], [13.116864, 61.156666], [13.116834, 61.156573], [13.116804, 61.156481], [13.116773, 61.156388], [13.116744, 61.156299], [13.116714, 61.156205], [13.116683, 61.156112], [13.116652, 61.156018], [13.116622, 61.155924], [13.116591, 61.155831], [13.11656, 61.155737], [13.11653, 61.155643], [13.116499, 61.15555], [13.116469, 61.155456], [13.116439, 61.155367], [13.116439, 61.155365]]}}, {"type": "Feature", "properties": {"objekttyp": "Lintrafik", "id": "0f8ef31e-9551-4b95-8701-67bdd0a4f283"}, "geometry": {"type": "LineString", "coordinates": [[13.190767, 61.156464], [13.194765, 61.15744], [13.198356, 61.158317]]}}, {"type": "Feature", "properties": {"objekttyp": "Lintrafik", "id": "9766da58-8f5c-44ff-93ed-2feacd04cc36"}, "geometry": {"type": "LineString", "coordinates": [[13.194436, 61.158409], [13.190294, 61.156721]]}}, {"type": "Feature", "properties": {"objekttyp": "Lintrafik", "id": "372b418a-cec7-4804-b6b3-84dd60b58fed"}, "geometry": {"type": "LineString", "coordinates": [[13.104525, 61.157185], [13.111527, 61.156551], [13.113317, 61.156389]]}}, {"type": "Feature", "properties": {"objekttyp": "Lintrafik", "id": "ded466ef-f07c-4e1d-84e8-24234ee2781f"}, "geometry": {"type": "LineString", "coordinates": [[13.199677, 61.158588], [13.19961, 61.15848], [13.199541, 61.158369], [13.199473, 61.158259], [13.199404, 61.158149], [13.199335, 61.158039], [13.199267, 61.157929], [13.199198, 61.157819], [13.19913, 61.157708], [13.199061, 61.157598], [13.198993, 61.157488], [13.198924, 61.157378], [13.198855, 61.157268], [13.198787, 61.157158], [13.198718, 61.157048], [13.19865, 61.156937], [13.198581, 61.156828]]}}, {"type": "Feature", "properties": {"objekttyp": "Lintrafik", "id": "ee8132e8-db72-421c-bae0-c64a34503b33"}, "geometry": {"type": "LineString", "coordinates": [[13.191237, 61.158551], [13.190957, 61.158469], [13.190677, 61.158388], [13.190398, 61.158306], [13.190118, 61.158225], [13.189839, 61.158144], [13.189559, 61.158062], [13.18928, 61.157981], [13.189, 61.157899], [13.188721, 61.157818], [13.188441, 61.157736], [13.188162, 61.157655], [13.187882, 61.157574], [13.187603, 61.157492], [13.187323, 61.157411], [13.187044, 61.157329], [13.186764, 61.157248], [13.186736, 61.15724], [13.186707, 61.157231], [13.186678, 61.157223], [13.18665, 61.157215]]}}, {"type": "Feature", "properties": {"objekttyp": "Lintrafik", "id": "254cf0c7-bd6b-4206-80b1-4eb24c7a2079"}, "geometry": {"type": "LineString", "coordinates": [[13.11434, 61.158219], [13.114625, 61.155532]]}}, {"type": "Feature", "properties": {"objekttyp": "Lintrafik", "id": "bc448ce1-25a7-49d9-b77c-dcece9ed9c16"}, "geometry": {"type": "LineString", "coordinates": [[13.144643, 61.1526], [13.143582, 61.155096], [13.143568, 61.155129], [13.142011, 61.158791]]}}, {"type": "Feature", "properties": {"objekttyp": "Lintrafik", "id": "4f9d6962-2e42-43f5-9be5-15dbd1d47df5"}, "geometry": {"type": "LineString", "coordinates": [[13.134837, 61.157681], [13.141506, 61.158848]]}}, {"type": "Feature", "properties": {"objekttyp": "Lintrafik", "id": "2b5371da-4f95-49dc-8e1f-b94b4405fc4b"}, "geometry": {"type": "LineString", "coordinates": [[13.188342, 61.160163], [13.187892, 61.159898], [13.187578, 61.159713], [13.187435, 61.159628], [13.186977, 61.159358], [13.186811, 61.159261], [13.18652, 61.159089], [13.186062, 61.158819], [13.185604, 61.158549], [13.185278, 61.158357], [13.185147, 61.158279], [13.184689, 61.15801], [13.184511, 61.157905], [13.184232, 61.15774], [13.183774, 61.15747], [13.183744, 61.157453], [13.183317, 61.1572], [13.182978, 61.157001], [13.182859, 61.156931], [13.182402, 61.156661], [13.182213, 61.156548], [13.181989, 61.156412], [13.18195, 61.156388], [13.181555, 61.156147], [13.181501, 61.156114], [13.18146, 61.156089], [13.181123, 61.155882], [13.18108, 61.155855], [13.181054, 61.155838]]}}, {"type": "Feature", "properties": {"objekttyp": "Lintrafik", "id": "9deced3a-e886-4914-b135-10d32a1163ce"}, "geometry": {"type": "LineString", "coordinates": [[13.190532, 61.160732], [13.189282, 61.159621], [13.189261, 61.159604], [13.189241, 61.159587], [13.189221, 61.159569], [13.189201, 61.159552], [13.189181, 61.159535], [13.189166, 61.159523], [13.189141, 61.159501], [13.18912, 61.159484], [13.18905, 61.159425], [13.188935, 61.159327], [13.188909, 61.159306], [13.188819, 61.159229], [13.188704, 61.159131], [13.188588, 61.159034], [13.188487, 61.158948], [13.188473, 61.158936], [13.188357, 61.158838], [13.188277, 61.15877], [13.188241, 61.15874], [13.188126, 61.158642], [13.188066, 61.158591], [13.18801, 61.158544], [13.187895, 61.158446], [13.187855, 61.158412], [13.187779, 61.158349], [13.187664, 61.158251], [13.187644, 61.158234], [13.187548, 61.158153], [13.187433, 61.158055], [13.187056, 61.157787]]}}, {"type": "Feature", "properties": {"objekttyp": "Lintrafik", "id": "f409deaa-ddad-4173-8d1d-cd15e317ae1c"}, "geometry": {"type": "LineString", "coordinates": [[13.183601, 61.160946], [13.186205, 61.162145]]}}, {"type": "Feature", "properties": {"objekttyp": "Lintrafik", "id": "474005bb-2d24-4c52-850f-a5f502e08e0c"}, "geometry": {"type": "LineString", "coordinates": [[13.174607, 61.15413], [13.174631, 61.154144], [13.174642, 61.154151], [13.174654, 61.154158], [13.174678, 61.154171], [13.174748, 61.154213], [13.174819, 61.154255], [13.174889, 61.154296], [13.175534, 61.154677], [13.175626, 61.154731], [13.176362, 61.155165], [13.177072, 61.155584], [13.177099, 61.1556], [13.177834, 61.156034], [13.178572, 61.156469], [13.179307, 61.156902], [13.180046, 61.157338], [13.180779, 61.157771], [13.181519, 61.158207], [13.182252, 61.15864], [13.182992, 61.159076], [13.183725, 61.159508], [13.184466, 61.159945], [13.185198, 61.160377], [13.18594, 61.160814], [13.186672, 61.161246], [13.188713, 61.16235]]}}, {"type": "Feature", "properties": {"objekttyp": "Lintrafik", "id": "ab9968be-35d8-489e-98c1-4da109f9d277"}, "geometry": {"type": "LineString", "coordinates": [[13.181227, 61.163147], [13.175161, 61.161144], [13.168362, 61.158898]]}}, {"type": "Feature", "properties": {"objekttyp": "Lintrafik", "id": "9cd886b0-480a-47fa-88b7-dbadaa8886dc"}, "geometry": {"type": "LineString", "coordinates": [[13.174353, 61.165527], [13.170413, 61.162438]]}}, {"type": "Feature", "properties": {"objekttyp": "Lintrafik", "id": "d78576af-2c29-409b-9410-2d0aa153470c"}, "geometry": {"type": "LineString", "coordinates": [[13.173383, 61.166092], [13.172765, 61.165749], [13.172148, 61.165407], [13.171531, 61.165065], [13.170913, 61.164722], [13.170296, 61.16438], [13.169679, 61.164037], [13.169062, 61.163695], [13.168445, 61.163353], [13.167827, 61.16301], [13.16721, 61.162668], [13.166593, 61.162325], [13.165976, 61.161983], [13.165359, 61.16164], [13.164742, 61.161298], [13.164124, 61.160956], [13.163507, 61.160613]]}}, {"type": "Feature", "properties": {"objekttyp": "Lintrafik", "id": "48611baa-9b96-43e3-b371-167accf6056c"}, "geometry": {"type": "LineString", "coordinates": [[12.970516, 61.165165], [12.9643, 61.162704]]}}, {"type": "Feature", "properties": {"objekttyp": "Lintrafik", "id": "61ddad78-38cd-4f40-87e2-67f708ad874c"}, "geometry": {"type": "LineString", "coordinates": [[12.978466, 61.167725], [12.97753, 61.167587], [12.976594, 61.167448], [12.975658, 61.167309], [12.974722, 61.16717], [12.973927, 61.167052], [12.973133, 61.166934], [12.972338, 61.166816], [12.971544, 61.166698], [12.97084, 61.166593], [12.970136, 61.166487], [12.969432, 61.166381], [12.968728, 61.166275]]}}, {"type": "Feature", "properties": {"objekttyp": "Lintrafik", "id": "82de7a4a-3bec-4767-86b2-51d5d2bc55cf"}, "geometry": {"type": "LineString", "coordinates": [[12.955085, 61.169681], [12.951864, 61.166752], [12.951345, 61.16628]]}}, {"type": "Feature", "properties": {"objekttyp": "Lintrafik", "id": "ba883cfe-6483-46c6-8be7-449cb0296851"}, "geometry": {"type": "LineString", "coordinates": [[12.978275, 61.167879], [12.966218, 61.170417], [12.964795, 61.170717]]}}, {"type": "Feature", "properties": {"objekttyp": "Lintrafik", "id": "91234dcb-7c14-4677-a909-1677eff76a19"}, "geometry": {"type": "LineString", "coordinates": [[13.006118, 61.17086], [13.015143, 61.172452], [13.017164, 61.172809], [13.01955, 61.173229]]}}, {"type": "Feature", "properties": {"objekttyp": "Lintrafik", "id": "1af3bdc6-9cf7-4282-9894-b6a1e0b4c941"}, "geometry": {"type": "LineString", "coordinates": [[12.960273, 61.173393], [12.960287, 61.173384], [12.960478, 61.173251], [12.960586, 61.173175], [12.960695, 61.173099], [12.960885, 61.172967], [12.960913, 61.172947], [12.961131, 61.172795], [12.961184, 61.172758], [12.961349, 61.172643], [12.961483, 61.172549], [12.961567, 61.17249], [12.961784, 61.172338], [12.962002, 61.172186], [12.962081, 61.172132], [12.962386, 61.171919], [12.96268, 61.171714], [12.962729, 61.17168], [12.962771, 61.171651], [12.962979, 61.171506], [12.963155, 61.171384], [12.963279, 61.171297], [12.963539, 61.171116], [12.963578, 61.171089], [12.963877, 61.17088], [12.963923, 61.170848], [12.964177, 61.170671], [12.964307, 61.170581], [12.964476, 61.170463], [12.964524, 61.170429], [12.964691, 61.170313], [12.964776, 61.170254], [12.965075, 61.170046], [12.96932, 61.167033]]}}, {"type": "Feature", "properties": {"objekttyp": "Lintrafik", "id": "d93d421f-4750-4a44-b176-2066c4ee8e17"}, "geometry": {"type": "LineString", "coordinates": [[12.960973, 61.173576], [12.963804, 61.17169], [12.964859, 61.170987]]}}, {"type": "Feature", "properties": {"objekttyp": "Lintrafik", "id": "84c7e338-7a76-4dc5-9b92-21079be67cc8"}, "geometry": {"type": "LineString", "coordinates": [[12.978514, 61.168666], [12.97869, 61.169873], [12.978988, 61.171913], [12.979045, 61.172297], [12.979282, 61.17392]]}}, {"type": "Feature", "properties": {"objekttyp": "Lintrafik", "id": "e7c0cea0-b49b-4250-a827-56ae92f45b1c"}, "geometry": {"type": "LineString", "coordinates": [[12.982151, 61.173879], [12.999213, 61.174621]]}}, {"type": "Feature", "properties": {"objekttyp": "Lintrafik", "id": "1bd0893a-d4db-41ba-a36d-e1c8bc7f1ac4"}, "geometry": {"type": "LineString", "coordinates": [[13.025261, 61.173676], [13.017517, 61.175783]]}}, {"type": "Feature", "properties": {"objekttyp": "Lintrafik", "id": "3f4077bc-19ed-4022-849f-30cd1cbd8e5c"}, "geometry": {"type": "LineString", "coordinates": [[13.000312, 61.17561], [13.002306, 61.175556], [13.003063, 61.175514], [13.003128, 61.175514], [13.003215, 61.175514], [13.003442, 61.175514], [13.003542, 61.175514], [13.003669, 61.175514], [13.00378, 61.175514], [13.003896, 61.175515], [13.003956, 61.175515], [13.004123, 61.175515], [13.004349, 61.175515], [13.004496, 61.175515], [13.004577, 61.175515], [13.004804, 61.175515], [13.005031, 61.175515], [13.005199, 61.175515], [13.005257, 61.175515], [13.005484, 61.175515], [13.005613, 61.175515], [13.005653, 61.175515], [13.005693, 61.175515], [13.00571, 61.175515], [13.005734, 61.175515], [13.005774, 61.175516], [13.005815, 61.175516], [13.005855, 61.175516], [13.005895, 61.175516], [13.005934, 61.175516], [13.00603, 61.175516], [13.006132, 61.175517], [13.006234, 61.175518], [13.006336, 61.175518], [13.006438, 61.175519], [13.006541, 61.17552], [13.006644, 61.175521], [13.006748, 61.175522], [13.007502, 61.175524], [13.008256, 61.175525], [13.00901, 61.175527], [13.009765, 61.175529], [13.017054, 61.175546]]}}, {"type": "Feature", "properties": {"objekttyp": "Lintrafik", "id": "3a69e788-f3f4-4c01-bc90-f6e9881052c1"}, "geometry": {"type": "LineString", "coordinates": [[12.954706, 61.175335], [12.954391, 61.175186], [12.953994, 61.174997], [12.953991, 61.174996], [12.95399, 61.174996], [12.953988, 61.174995], [12.953987, 61.174994]]}}, {"type": "Feature", "properties": {"objekttyp": "Lintrafik", "id": "6fe32ca8-d659-42f4-888b-b4ad106dc37f"}, "geometry": {"type": "LineString", "coordinates": [[12.96837, 61.172114], [12.964076, 61.173805], [12.96387, 61.174182], [12.965172, 61.175855]]}}, {"type": "Feature", "properties": {"objekttyp": "Lintrafik", "id": "149e183c-5771-4a59-be94-0e257eae19fc"}, "geometry": {"type": "LineString", "coordinates": [[12.967183, 61.175887], [12.981237, 61.174182]]}}, {"type": "Feature", "properties": {"objekttyp": "Lintrafik", "id": "38a15b3f-4c61-4af2-9a03-4ae7ed12911a"}, "geometry": {"type": "LineString", "coordinates": [[13.037038, 61.176235], [13.041013, 61.177384]]}}, {"type": "Feature", "properties": {"objekttyp": "Lintrafik", "id": "82015096-abf9-4481-b0c3-e927ef3ca76a"}, "geometry": {"type": "LineString", "coordinates": [[13.001931, 61.176902], [13.002787, 61.176901], [13.003643, 61.176899], [13.0045, 61.176898], [13.005356, 61.176897], [13.006212, 61.176896], [13.007068, 61.176895], [13.007924, 61.176894], [13.00878, 61.176893], [13.009637, 61.176891], [13.010493, 61.17689], [13.011349, 61.176889], [13.012205, 61.176888], [13.013061, 61.176887], [13.013917, 61.176885], [13.014773, 61.176884], [13.01563, 61.176883]]}}, {"type": "Feature", "properties": {"objekttyp": "Lintrafik", "id": "0c6001c8-844e-4a85-99ef-da0bf64a97b2"}, "geometry": {"type": "LineString", "coordinates": [[12.979461, 61.167606], [12.978559, 61.168179], [12.97524, 61.170291], [12.972935, 61.171826], [12.965845, 61.176547]]}}, {"type": "Feature", "properties": {"objekttyp": "Lintrafik", "id": "fc4822f6-3f90-4e31-9043-f878a8861db6"}, "geometry": {"type": "LineString", "coordinates": [[13.039022, 61.177945], [13.03811, 61.177638], [13.037197, 61.177332], [13.036285, 61.177026], [13.035372, 61.176719], [13.03446, 61.176413], [13.033548, 61.176106], [13.032636, 61.1758], [13.031723, 61.175493], [13.030811, 61.175187], [13.029899, 61.174881], [13.028987, 61.174574], [13.028074, 61.174268], [13.027162, 61.173961], [13.02625, 61.173655], [13.025346, 61.173351], [13.024435, 61.173045], [13.02443, 61.173043]]}}, {"type": "Feature", "properties": {"objekttyp": "Lintrafik", "id": "78d13cdc-462b-4d3e-883b-158d424c9310"}, "geometry": {"type": "LineString", "coordinates": [[13.046943, 61.178354], [13.04082, 61.177881]]}}, {"type": "Feature", "properties": {"objekttyp": "Lintrafik", "id": "7ec1c871-cc24-4491-934a-d22afab09176"}, "geometry": {"type": "LineString", "coordinates": [[12.963366, 61.177207], [12.957184, 61.171589], [12.955085, 61.169681]]}}, {"type": "Feature", "properties": {"objekttyp": "Lintrafik", "id": "a0cfde1d-526c-4ce3-83c0-db957a1ab029"}, "geometry": {"type": "LineString", "coordinates": [[12.961691, 61.177356], [12.960878, 61.176701], [12.960065, 61.176046], [12.959251, 61.17539], [12.958438, 61.174735], [12.957624, 61.174079], [12.956811, 61.173424], [12.955998, 61.172768], [12.955184, 61.172112], [12.95494, 61.171919], [12.95437, 61.171458], [12.953556, 61.170803], [12.953399, 61.170677], [12.952743, 61.170148], [12.951929, 61.169493], [12.951698, 61.169307], [12.951115, 61.168838], [12.950302, 61.168183], [12.949489, 61.167528], [12.948675, 61.166873]]}}, {"type": "Feature", "properties": {"objekttyp": "Lintrafik", "id": "4651f031-1b53-404c-a503-f15e012a5f22"}, "geometry": {"type": "LineString", "coordinates": [[13.03849, 61.178977], [13.028658, 61.176025], [13.025404, 61.175054], [13.023487, 61.17446]]}}, {"type": "Feature", "properties": {"objekttyp": "Lintrafik", "id": "81630231-0d61-4472-9a95-fdd917a14e43"}, "geometry": {"type": "LineString", "coordinates": [[12.960393, 61.178065], [12.960193, 61.177969], [12.959982, 61.177867], [12.959906, 61.17783], [12.959618, 61.177691], [12.959331, 61.177552], [12.959044, 61.177414], [12.958756, 61.177275], [12.958469, 61.177136], [12.958181, 61.176997], [12.958105, 61.176961], [12.957894, 61.176858], [12.957606, 61.17672], [12.95748, 61.176659], [12.957319, 61.176581], [12.957031, 61.176442], [12.956854, 61.176356], [12.956744, 61.176303], [12.956456, 61.176164], [12.956229, 61.176054], [12.956169, 61.176025], [12.955882, 61.175887], [12.955594, 61.175748], [12.955199, 61.175564], [12.954796, 61.175375], [12.954719, 61.175339]]}}, {"type": "Feature", "properties": {"objekttyp": "Lintrafik", "id": "d1d5d42f-565a-4b98-b732-d5e5c53a50ee"}, "geometry": {"type": "LineString", "coordinates": [[13.00452, 61.179496], [13.004368, 61.1794], [13.004192, 61.179289], [13.004016, 61.179179], [13.003841, 61.179068], [13.003713, 61.178988], [13.003665, 61.178957], [13.003556, 61.178888], [13.00349, 61.178847], [13.003398, 61.178789], [13.003314, 61.178736], [13.003241, 61.17869], [13.003138, 61.178625], [13.003083, 61.178591], [13.002963, 61.178515], [13.002787, 61.178404], [13.002611, 61.178294], [13.002436, 61.178183], [13.00226, 61.178072], [13.002138, 61.177995], [13.002085, 61.177962], [13.00198, 61.177896], [13.001909, 61.177851], [13.001855, 61.177817]]}}, {"type": "Feature", "properties": {"objekttyp": "Lintrafik", "id": "79f2b290-c3ef-4ca4-b8ec-c8fea3195192"}, "geometry": {"type": "LineString", "coordinates": [[12.948627, 61.17873], [12.948371, 61.1706], [12.948315, 61.168822]]}}, {"type": "Feature", "properties": {"objekttyp": "Lintrafik", "id": "165fc994-d66f-49c5-91e8-f6dc2ea44f7a"}, "geometry": {"type": "LineString", "coordinates": [[13.018867, 61.182736], [13.018866, 61.182733], [13.018738, 61.182339], [13.018616, 61.181964], [13.018608, 61.18194], [13.018478, 61.181541], [13.018366, 61.181195], [13.018349, 61.181142], [13.018219, 61.180743], [13.018116, 61.180426], [13.018089, 61.180344], [13.017959, 61.179945], [13.017865, 61.179657], [13.017829, 61.179546], [13.017699, 61.179147], [13.017615, 61.178888], [13.01757, 61.178748], [13.01744, 61.178348], [13.017365, 61.178119], [13.01731, 61.177949], [13.01718, 61.17755], [13.017115, 61.17735], [13.01705, 61.177151], [13.016921, 61.176752], [13.016865, 61.176581], [13.016856, 61.176553], [13.016847, 61.176525], [13.016838, 61.176497], [13.016829, 61.176469], [13.01682, 61.176441], [13.016811, 61.176413], [13.016801, 61.176385], [13.016792, 61.176355]]}}, {"type": "Feature", "properties": {"objekttyp": "Lintrafik", "id": "20f95b2d-a5a6-4e3b-a16b-8ca96a305330"}, "geometry": {"type": "LineString", "coordinates": [[13.026349, 61.183243], [13.020831, 61.175842]]}}, {"type": "Feature", "properties": {"objekttyp": "Lintrafik", "id": "00f1f2be-edf0-4d99-8705-e3bb0d64c101"}, "geometry": {"type": "LineString", "coordinates": [[14.540677, 61.21293], [14.540674, 61.212927], [14.54067, 61.212923], [14.540667, 61.21292], [14.540661, 61.212913], [14.540635, 61.212882], [14.540611, 61.212851], [14.540572, 61.212801], [14.540486, 61.212693], [14.5404, 61.212585], [14.540366, 61.212543], [14.540314, 61.212478], [14.540228, 61.21237], [14.54017, 61.212297], [14.540142, 61.212262], [14.540056, 61.212155], [14.53997, 61.212047], [14.539884, 61.211939], [14.539798, 61.211831], [14.539712, 61.211724], [14.539626, 61.211616], [14.539581, 61.21156], [14.53954, 61.211508], [14.539454, 61.211401], [14.539369, 61.211293], [14.539283, 61.211185], [14.539197, 61.211077], [14.539105, 61.210964]]}}, {"type": "Feature", "properties": {"objekttyp": "Lintrafik", "id": "27828811-aa63-464f-8628-ce50271cd193"}, "geometry": {"type": "LineString", "coordinates": [[14.544167, 61.213133], [14.549606, 61.208733]]}}, {"type": "Feature", "properties": {"objekttyp": "Lintrafik", "id": "200c7088-0dee-43fa-93dd-701af3188585"}, "geometry": {"type": "LineString", "coordinates": [[13.02684, 61.199841], [13.02346, 61.198929]]}}, {"type": "Feature", "properties": {"objekttyp": "Lintrafik", "id": "545323e6-c9eb-4567-ad0c-20c5ff55e4d5"}, "geometry": {"type": "LineString", "coordinates": [[14.540293, 61.217313], [14.540295, 61.217289], [14.540296, 61.217265], [14.540313, 61.217009], [14.540315, 61.216972], [14.540329, 61.216754], [14.540334, 61.21668], [14.540345, 61.216499], [14.540352, 61.216387], [14.540361, 61.216243], [14.540371, 61.216095], [14.540377, 61.215988], [14.540393, 61.215733], [14.540409, 61.215477], [14.540416, 61.215371], [14.540425, 61.215222], [14.54044, 61.214967], [14.540456, 61.214711], [14.54046, 61.214647], [14.540472, 61.214456], [14.540488, 61.214201], [14.540504, 61.213945], [14.540505, 61.213923], [14.54052, 61.21369], [14.540535, 61.213435], [14.54055, 61.213199], [14.540551, 61.213189]]}}, {"type": "Feature", "properties": {"objekttyp": "Lintrafik", "id": "93e949f4-3578-4a1d-bc02-e4d9cd42f114"}, "geometry": {"type": "LineString", "coordinates": [[14.539432, 61.217279], [14.539736, 61.217778], [14.540098, 61.21833], [14.541361, 61.220255], [14.541655, 61.220723], [14.541791, 61.22094], [14.543333, 61.223371], [14.544252, 61.224869]]}}, {"type": "Feature", "properties": {"objekttyp": "Lintrafik", "id": "eb3d8991-61c2-4782-8298-3ab9c686c757"}, "geometry": {"type": "LineString", "coordinates": [[14.554498, 61.227569], [14.554497, 61.227548], [14.554495, 61.227506], [14.554477, 61.227107], [14.554458, 61.226703], [14.55443, 61.226217], [14.554404, 61.225771], [14.554401, 61.225726], [14.554353, 61.224829], [14.554307, 61.223932], [14.554283, 61.223461], [14.554261, 61.223011], [14.55426, 61.22299], [14.554243, 61.222654], [14.554226, 61.222317]]}}, {"type": "Feature", "properties": {"objekttyp": "Lintrafik", "id": "45929559-d389-49cc-af91-d3a71d98e17f"}, "geometry": {"type": "LineString", "coordinates": [[14.560008, 61.222823], [14.559069, 61.228024]]}}, {"type": "Feature", "properties": {"objekttyp": "Lintrafik", "id": "dcc56368-deac-4125-9dc1-d544ce081289"}, "geometry": {"type": "LineString", "coordinates": [[12.874758, 61.25907], [12.874264, 61.261567], [12.873995, 61.26294], [12.873784, 61.264085]]}}, {"type": "Feature", "properties": {"objekttyp": "Lintrafik", "id": "463b4e0f-15f2-4932-a6f7-72e98a8e0ee9"}, "geometry": {"type": "LineString", "coordinates": [[12.896893, 61.266075], [12.898575, 61.262988], [12.900653, 61.259309], [12.905415, 61.250743]]}}, {"type": "Feature", "properties": {"objekttyp": "Lintrafik", "id": "80531a8e-64e4-4e8b-b1c7-0ee81ba4c543"}, "geometry": {"type": "LineString", "coordinates": [[12.889594, 61.266142], [12.889275, 61.265975], [12.888954, 61.265807], [12.888662, 61.265654], [12.888636, 61.26564], [12.888315, 61.265473], [12.887998, 61.265308], [12.887725, 61.265169], [12.887666, 61.265143], [12.887348, 61.264976], [12.887046, 61.264802], [12.886817, 61.264676], [12.886737, 61.264634], [12.886409, 61.264466], [12.886084, 61.2643], [12.885867, 61.264191], [12.885758, 61.264135], [12.885433, 61.263971], [12.885125, 61.263798], [12.884949, 61.263697], [12.884814, 61.263627], [12.884773, 61.263606], [12.884456, 61.263477], [12.883951, 61.263238], [12.883211, 61.262839], [12.883025, 61.262745], [12.882093, 61.262271], [12.881985, 61.262212], [12.881161, 61.261774], [12.880761, 61.261564], [12.88023, 61.261286], [12.879538, 61.260923], [12.8793, 61.260798], [12.87837, 61.260309], [12.878316, 61.260281], [12.87744, 61.259821], [12.877095, 61.25964], [12.876512, 61.259333], [12.875878, 61.258999], [12.875587, 61.258846], [12.874655, 61.258356]]}}, {"type": "Feature", "properties": {"objekttyp": "Lintrafik", "id": "f46b4189-519b-47fc-bb65-431135fafaaa"}, "geometry": {"type": "LineString", "coordinates": [[12.87586, 61.257933], [12.885197, 61.263373], [12.885241, 61.263398], [12.889799, 61.266053], [12.890183, 61.266277]]}}, {"type": "Feature", "properties": {"objekttyp": "Lintrafik", "id": "f0e8c8dc-ecd1-4e48-a6c3-14a3076d4cfe"}, "geometry": {"type": "LineString", "coordinates": [[12.896171, 61.266383], [12.895181, 61.264367], [12.89377, 61.261492], [12.888769, 61.251296]]}}, {"type": "Feature", "properties": {"objekttyp": "Lintrafik", "id": "fb1f133c-8fd7-4635-8495-391a1eb3c2dd"}, "geometry": {"type": "LineString", "coordinates": [[12.89229, 61.262608], [12.893544, 61.263997], [12.893597, 61.264064], [12.894012, 61.264583], [12.894028, 61.264601], [12.894045, 61.264619], [12.894061, 61.264637], [12.894077, 61.264655], [12.894094, 61.264673], [12.89411, 61.264691], [12.894116, 61.264697], [12.894126, 61.264709], [12.894143, 61.264727], [12.89422, 61.264811], [12.894323, 61.264925], [12.894334, 61.264938], [12.894427, 61.26504], [12.894531, 61.265154], [12.894635, 61.265268], [12.894718, 61.265359], [12.894738, 61.265382], [12.894842, 61.265496], [12.894909, 61.26557], [12.894946, 61.26561], [12.89505, 61.265724], [12.895101, 61.265781], [12.895153, 61.265839], [12.895257, 61.265953], [12.895292, 61.265992], [12.895361, 61.266067], [12.895464, 61.266181], [12.895484, 61.266202], [12.895568, 61.266295], [12.895674, 61.266411]]}}, {"type": "Feature", "properties": {"objekttyp": "Lintrafik", "id": "d252f53b-60ce-40d8-b3b7-f1c58d9c2f57"}, "geometry": {"type": "LineString", "coordinates": [[12.897358, 61.266766], [12.897386, 61.266755], [12.89741, 61.266746], [12.897433, 61.266737], [12.897456, 61.266727], [12.897792, 61.266594], [12.898117, 61.266464], [12.898467, 61.266325], [12.898778, 61.266201], [12.898805, 61.26619], [12.899143, 61.266055], [12.899438, 61.265938], [12.899481, 61.265921], [12.899819, 61.265786], [12.900099, 61.265674], [12.900157, 61.265651], [12.900495, 61.265517], [12.900759, 61.265411], [12.900833, 61.265382], [12.901171, 61.265247], [12.90142, 61.265148], [12.901508, 61.265113], [12.901846, 61.264978], [12.902081, 61.264885], [12.902184, 61.264843], [12.902522, 61.264709], [12.902741, 61.264621], [12.902797, 61.264599]]}}, {"type": "Feature", "properties": {"objekttyp": "Lintrafik", "id": "daae0c29-12e1-40f9-9fc7-07c7efa4e263"}, "geometry": {"type": "LineString", "coordinates": [[12.899769, 61.267073], [12.902583, 61.266921], [12.903132, 61.266892], [12.906533, 61.266725], [12.910981, 61.266501], [12.913585, 61.266374], [12.91364, 61.266372]]}}, {"type": "Feature", "properties": {"objekttyp": "Lintrafik", "id": "84cd99e2-1814-40ae-a01f-29d7a356f20c"}, "geometry": {"type": "LineString", "coordinates": [[12.870555, 61.270717], [12.870621, 61.270231], [12.870687, 61.269744], [12.870752, 61.269258], [12.870818, 61.268771], [12.870884, 61.268284], [12.870949, 61.267798], [12.871014, 61.267317], [12.87108, 61.266832], [12.871134, 61.266427], [12.871145, 61.266346], [12.871211, 61.26586], [12.871276, 61.265375], [12.871342, 61.264889], [12.871407, 61.264403], [12.871473, 61.263918], [12.871475, 61.263904], [12.871538, 61.263432], [12.87154, 61.263418], [12.871604, 61.262947], [12.871605, 61.262939]]}}, {"type": "Feature", "properties": {"objekttyp": "Lintrafik", "id": "24e9937b-c856-47bd-9365-fb4e7458124a"}, "geometry": {"type": "LineString", "coordinates": [[12.903643, 61.271369], [12.920807, 61.270465]]}}, {"type": "Feature", "properties": {"objekttyp": "Lintrafik", "id": "5621fc0e-c3e2-4479-b36b-8bf5c500458f"}, "geometry": {"type": "LineString", "coordinates": [[12.871797, 61.271089], [12.877894, 61.266534], [12.880072, 61.264907]]}}, {"type": "Feature", "properties": {"objekttyp": "Lintrafik", "id": "dfa3defe-30be-4d75-b8f4-3508aef1bdbd"}, "geometry": {"type": "LineString", "coordinates": [[12.891163, 61.266725], [12.891145, 61.266744], [12.885691, 61.272388]]}}, {"type": "Feature", "properties": {"objekttyp": "Lintrafik", "id": "50e9b079-9617-45a2-9be4-6d3c06837aa6"}, "geometry": {"type": "LineString", "coordinates": [[12.872703, 61.27221], [12.865272, 61.273965]]}}, {"type": "Feature", "properties": {"objekttyp": "Lintrafik", "id": "523f7441-b051-4812-937c-4b304a05ef87"}, "geometry": {"type": "LineString", "coordinates": [[12.901302, 61.283123], [12.917727, 61.272048]]}}, {"type": "Feature", "properties": {"objekttyp": "Lintrafik", "id": "725ef527-77e3-47e7-8925-0eb50285c156"}, "geometry": {"type": "LineString", "coordinates": [[15.786693, 61.358142], [15.787208, 61.358607], [15.787636, 61.359084], [15.788163, 61.359713], [15.788766, 61.360519], [15.788917, 61.360751], [15.788966, 61.360826], [15.789024, 61.360886], [15.789133, 61.361], [15.789287, 61.361163], [15.789441, 61.361327], [15.789594, 61.361491], [15.789748, 61.361654], [15.789854, 61.361767], [15.789902, 61.361818], [15.790055, 61.361982], [15.790135, 61.362067], [15.790209, 61.362145], [15.790363, 61.362309], [15.790417, 61.362366], [15.790516, 61.362472], [15.79067, 61.362636], [15.790824, 61.3628], [15.790977, 61.362963], [15.791131, 61.363127], [15.791285, 61.36329], [15.791349, 61.363358]]}}, {"type": "Feature", "properties": {"objekttyp": "Lintrafik", "id": "f5983ce0-dc78-4f4d-b6ff-c9ae2277fd1e"}, "geometry": {"type": "LineString", "coordinates": [[16.347942, 61.373127], [16.347208, 61.372499], [16.34496, 61.370574]]}}, {"type": "Feature", "properties": {"objekttyp": "Lintrafik", "id": "138350f0-6f23-4a5a-9ddc-e3583641139c"}, "geometry": {"type": "LineString", "coordinates": [[16.345822, 61.374471], [16.34581, 61.374467], [16.34539, 61.374334], [16.344971, 61.374201], [16.344552, 61.374068], [16.34415, 61.37394], [16.343713, 61.373802], [16.343487, 61.37373], [16.343309, 61.373673], [16.342874, 61.373536], [16.342467, 61.373406], [16.342036, 61.373269], [16.341625, 61.373139], [16.341197, 61.373003], [16.340783, 61.372872], [16.340358, 61.372737], [16.339941, 61.372605], [16.33987, 61.372583], [16.33952, 61.372471], [16.3391, 61.372338], [16.33906, 61.372325], [16.33902, 61.372313], [16.33898, 61.3723], [16.338967, 61.372296], [16.338941, 61.372287]]}}, {"type": "Feature", "properties": {"objekttyp": "Lintrafik", "id": "9e1249a6-4343-426a-ab09-53ab6a7fab07"}, "geometry": {"type": "LineString", "coordinates": [[12.926638, 61.375313], [12.926963, 61.375504], [12.928435, 61.376298], [12.92958, 61.376928], [12.930764, 61.377654], [12.931217, 61.377925], [12.931299, 61.377975], [12.93286, 61.37891], [12.93579, 61.380634]]}}, {"type": "Feature", "properties": {"objekttyp": "Lintrafik", "id": "cddb1350-f4e1-4a86-99d0-fa92c7c1f1d4"}, "geometry": {"type": "LineString", "coordinates": [[16.325553, 61.473158], [16.33215, 61.473424], [16.332249, 61.473428], [16.333757, 61.473488], [16.334683, 61.473525], [16.335211, 61.473553]]}}, {"type": "Feature", "properties": {"objekttyp": "Lintrafik", "id": "f7d14f5c-c80d-469d-b207-b528dd3a3a13"}, "geometry": {"type": "LineString", "coordinates": [[16.335608, 61.473762], [16.338951, 61.473849]]}}, {"type": "Feature", "properties": {"objekttyp": "Lintrafik", "id": "4abc1a07-bd96-4b20-931d-c565c189d088"}, "geometry": {"type": "LineString", "coordinates": [[16.940083, 61.51841], [16.94113, 61.518572], [16.943426, 61.518914], [16.943458, 61.518919], [16.946446, 61.519365], [16.946832, 61.519418]]}}, {"type": "Feature", "properties": {"objekttyp": "Lintrafik", "id": "7cdf037f-4218-4b60-83ed-f9e1f661058c"}, "geometry": {"type": "LineString", "coordinates": [[13.1381, 61.670272], [13.141021, 61.670997], [13.143942, 61.671722]]}}, {"type": "Feature", "properties": {"objekttyp": "Lintrafik", "id": "dc4d232a-4238-4fa4-9702-bb19ce4f552d"}, "geometry": {"type": "LineString", "coordinates": [[16.143574, 61.716729], [16.151022, 61.714884], [16.15822, 61.713099]]}}, {"type": "Feature", "properties": {"objekttyp": "Lintrafik", "id": "e55a7293-31bc-4e28-a730-f68cb3530b67"}, "geometry": {"type": "LineString", "coordinates": [[16.158486, 61.713629], [16.151113, 61.717367], [16.149991, 61.717936]]}}, {"type": "Feature", "properties": {"objekttyp": "Lintrafik", "id": "ef82d94c-6394-4396-a1f2-a701daa5a6df"}, "geometry": {"type": "LineString", "coordinates": [[16.151749, 61.718861], [16.151921, 61.718966], [16.152435, 61.719282], [16.153272, 61.719796], [16.157666, 61.722486]]}}, {"type": "Feature", "properties": {"objekttyp": "Lintrafik", "id": "a80eb346-2bf6-4774-b8af-f2138404a003"}, "geometry": {"type": "LineString", "coordinates": [[16.148994, 61.718138], [16.149163, 61.718987], [16.149175, 61.719047], [16.149221, 61.719288], [16.149432, 61.720368], [16.150279, 61.72479]]}}, {"type": "Feature", "properties": {"objekttyp": "Lintrafik", "id": "8ef7b8ab-c571-4633-b012-88a1174927e7"}, "geometry": {"type": "LineString", "coordinates": [[15.176898, 61.732925], [15.174666, 61.732012], [15.172434, 61.731099]]}}, {"type": "Feature", "properties": {"objekttyp": "Lintrafik", "id": "e953bc0f-ec1a-499a-8821-5138edfbc54d"}, "geometry": {"type": "LineString", "coordinates": [[17.058926, 61.737261], [17.061257, 61.737172], [17.063587, 61.737084]]}}, {"type": "Feature", "properties": {"objekttyp": "Lintrafik", "id": "92b6ac39-d4e0-4c30-98e5-790c667a72b8"}, "geometry": {"type": "LineString", "coordinates": [[13.30447, 62.12794], [13.309228, 62.128432], [13.313146, 62.128836], [13.317979, 62.129354]]}}, {"type": "Feature", "properties": {"objekttyp": "Lintrafik", "id": "f0dcb065-a817-4c6b-b7f5-01d2c991affd"}, "geometry": {"type": "LineString", "coordinates": [[12.875864, 61.882444], [12.862511, 61.883155]]}}, {"type": "Feature", "properties": {"objekttyp": "Lintrafik", "id": "23e19ce0-f3a5-4075-9eb9-2515e44cb059"}, "geometry": {"type": "LineString", "coordinates": [[12.861269, 61.884208], [12.85937, 61.883627], [12.857584, 61.883104], [12.855883, 61.882577], [12.852312, 61.881523], [12.847274, 61.879937], [12.841879, 61.878243], [12.838095, 61.87711]]}}, {"type": "Feature", "properties": {"objekttyp": "Lintrafik", "id": "0238523b-c675-42b5-8e4d-994153d4a3e4"}, "geometry": {"type": "LineString", "coordinates": [[12.837262, 61.87752], [12.834964, 61.882479], [12.834257, 61.884144]]}}, {"type": "Feature", "properties": {"objekttyp": "Lintrafik", "id": "bc595402-a706-401a-b7f9-fcf19c3f7d17"}, "geometry": {"type": "LineString", "coordinates": [[12.875566, 61.88278], [12.858958, 61.887965]]}}, {"type": "Feature", "properties": {"objekttyp": "Lintrafik", "id": "74b9b7bc-8ccb-4bc7-87dc-443cf0e70c59"}, "geometry": {"type": "LineString", "coordinates": [[12.859044, 61.88856], [12.865118, 61.888663], [12.866046, 61.888691], [12.867454, 61.888712], [12.869885, 61.888773]]}}, {"type": "Feature", "properties": {"objekttyp": "Lintrafik", "id": "3fac65e0-c53c-47fc-8068-b3c9d70f4bc3"}, "geometry": {"type": "LineString", "coordinates": [[12.858551, 61.888611], [12.857284, 61.888868], [12.857023, 61.888921], [12.851865, 61.88993]]}}, {"type": "Feature", "properties": {"objekttyp": "Lintrafik", "id": "10b78c8a-2577-4063-b3d4-e25dc0bed928"}, "geometry": {"type": "LineString", "coordinates": [[12.823458, 61.880669], [12.845368, 61.889911], [12.850747, 61.889124], [12.856865, 61.888229]]}}, {"type": "Feature", "properties": {"objekttyp": "Lintrafik", "id": "b141bbd8-5d79-4bda-ac9a-a984473bbe3f"}, "geometry": {"type": "LineString", "coordinates": [[12.866844, 61.89142], [12.868758, 61.888848]]}}, {"type": "Feature", "properties": {"objekttyp": "Lintrafik", "id": "cfa22fd8-6b6e-438e-b395-b1a492dcf991"}, "geometry": {"type": "LineString", "coordinates": [[12.836517, 61.890993], [12.839072, 61.890719], [12.850903, 61.88945]]}}, {"type": "Feature", "properties": {"objekttyp": "Lintrafik", "id": "dfd1296c-a6c7-4120-88fb-4d8d233b20b2"}, "geometry": {"type": "LineString", "coordinates": [[12.836517, 61.890993], [12.83907, 61.890998]]}}, {"type": "Feature", "properties": {"objekttyp": "Lintrafik", "id": "3105ac0a-781e-45f0-ac5a-eade38ae6e4e"}, "geometry": {"type": "LineString", "coordinates": [[12.836496, 61.890995], [12.836517, 61.890993]]}}, {"type": "Feature", "properties": {"objekttyp": "Lintrafik", "id": "16767ddb-a3f2-4e7a-b2c2-3d0225b6212e"}, "geometry": {"type": "LineString", "coordinates": [[12.830767, 61.89101], [12.836499, 61.890993], [12.836517, 61.890993]]}}, {"type": "Feature", "properties": {"objekttyp": "Lintrafik", "id": "82f6df97-350f-41bf-b016-0035c44f6516"}, "geometry": {"type": "LineString", "coordinates": [[12.821177, 61.890901], [12.821156, 61.890891], [12.820858, 61.890743], [12.82082, 61.890725], [12.820517, 61.890574], [12.820485, 61.890558], [12.820176, 61.890405], [12.820149, 61.890392], [12.819835, 61.890236], [12.819814, 61.890226], [12.819478, 61.89006], [12.819143, 61.889893], [12.818807, 61.889727], [12.818472, 61.889561], [12.818136, 61.889394], [12.817801, 61.889228], [12.817465, 61.889062], [12.81713, 61.888896], [12.817106, 61.888884], [12.816794, 61.888729], [12.816765, 61.888715], [12.816459, 61.888563], [12.816424, 61.888546], [12.816123, 61.888397], [12.816083, 61.888377], [12.815788, 61.888231], [12.815765, 61.888219]]}}, {"type": "Feature", "properties": {"objekttyp": "Lintrafik", "id": "d918c321-796f-42df-b80d-6bfa5782a910"}, "geometry": {"type": "LineString", "coordinates": [[12.829328, 61.891277], [12.828134, 61.890475], [12.824924, 61.888362], [12.820866, 61.88567]]}}, {"type": "Feature", "properties": {"objekttyp": "Lintrafik", "id": "e6f5c40a-9100-4ad5-acfd-b86d8b8237ad"}, "geometry": {"type": "LineString", "coordinates": [[12.819664, 61.885767], [12.828361, 61.891607], [12.828724, 61.89185], [12.83077, 61.891631], [12.836512, 61.891014]]}}, {"type": "Feature", "properties": {"objekttyp": "Lintrafik", "id": "3dfb78cd-f046-4e00-b752-2ab6c20f1e46"}, "geometry": {"type": "LineString", "coordinates": [[12.840249, 61.89227], [12.851399, 61.890428]]}}, {"type": "Feature", "properties": {"objekttyp": "Lintrafik", "id": "5cc01921-eb5c-4fae-a5c5-cfb33ab90e2b"}, "geometry": {"type": "LineString", "coordinates": [[12.770729, 61.887445], [12.775859, 61.89115], [12.777002, 61.891975]]}}, {"type": "Feature", "properties": {"objekttyp": "Lintrafik", "id": "93bf0743-0b59-4f77-93aa-77b93612a6e3"}, "geometry": {"type": "LineString", "coordinates": [[12.769861, 61.896291], [12.762666, 61.892451], [12.760584, 61.89134]]}}, {"type": "Feature", "properties": {"objekttyp": "Lintrafik", "id": "8688e31d-4b75-4aa9-b170-889a7316609a"}, "geometry": {"type": "LineString", "coordinates": [[12.751336, 61.892817], [12.757734, 61.896378], [12.757845, 61.89644]]}}, {"type": "Feature", "properties": {"objekttyp": "Lintrafik", "id": "fb332a9c-54c1-4de6-ae23-44ab0dc7c64b"}, "geometry": {"type": "LineString", "coordinates": [[12.774926, 61.891139], [12.774851, 61.892649], [12.774636, 61.896917]]}}, {"type": "Feature", "properties": {"objekttyp": "Lintrafik", "id": "1301df5a-e3b7-41e0-a8d6-6ffb9c01216e"}, "geometry": {"type": "LineString", "coordinates": [[12.74942, 61.897274], [12.748719, 61.897043], [12.736416, 61.892973]]}}, {"type": "Feature", "properties": {"objekttyp": "Lintrafik", "id": "d839c3fa-274d-44a3-9f85-83bd20a04e61"}, "geometry": {"type": "LineString", "coordinates": [[12.850188, 61.899351], [12.84991, 61.897905], [12.849507, 61.895979], [12.849218, 61.893833], [12.849074, 61.892769], [12.858643, 61.888708], [12.858771, 61.888654]]}}, {"type": "Feature", "properties": {"objekttyp": "Lintrafik", "id": "e00136b7-c031-43ee-a735-6374d2b48886"}, "geometry": {"type": "LineString", "coordinates": [[12.761354, 61.898509], [12.757703, 61.896497], [12.757592, 61.896436]]}}, {"type": "Feature", "properties": {"objekttyp": "Lintrafik", "id": "d9494d3b-d137-47c8-8b75-70399c0e91e5"}, "geometry": {"type": "LineString", "coordinates": [[16.148061, 61.913302], [16.147068, 61.912281], [16.147052, 61.912264], [16.146657, 61.911858], [16.146043, 61.911259]]}}, {"type": "Feature", "properties": {"objekttyp": "Lintrafik", "id": "1c3d1621-5099-436d-a899-dc01482c2d0c"}, "geometry": {"type": "LineString", "coordinates": [[12.85574, 61.9032], [12.854056, 61.902253], [12.851372, 61.900765], [12.84946, 61.899792]]}}, {"type": "Feature", "properties": {"objekttyp": "Lintrafik", "id": "bbe232f2-f4a5-488d-9e05-2c52d44c405a"}, "geometry": {"type": "LineString", "coordinates": [[12.766842, 61.902052], [12.749255, 61.896439]]}}, {"type": "Feature", "properties": {"objekttyp": "Lintrafik", "id": "81240d23-9ef3-4285-921c-7e2bde3b7ab7"}, "geometry": {"type": "LineString", "coordinates": [[12.758228, 61.902896], [12.75566, 61.901139], [12.749663, 61.89711], [12.749284, 61.896856]]}}, {"type": "Feature", "properties": {"objekttyp": "Lintrafik", "id": "5a655e6c-1eb6-42c2-9084-9dfd58cf7b4d"}, "geometry": {"type": "LineString", "coordinates": [[12.767372, 61.908518], [12.739729, 61.905592]]}}, {"type": "Feature", "properties": {"objekttyp": "Lintrafik", "id": "b4047708-f5d6-4dcd-9abf-d6457f7360a5"}, "geometry": {"type": "LineString", "coordinates": [[12.769518, 61.903279], [12.780515, 61.909289]]}}, {"type": "Feature", "properties": {"objekttyp": "Lintrafik", "id": "8c9b60e1-4f39-43a6-ae30-3ede4943c788"}, "geometry": {"type": "LineString", "coordinates": [[12.983895, 61.93749], [12.987393, 61.938124], [12.989253, 61.938461]]}}, {"type": "Feature", "properties": {"objekttyp": "Lintrafik", "id": "86233046-ec79-4515-8ff2-2cbef89fb927"}, "geometry": {"type": "LineString", "coordinates": [[12.9888, 61.939443], [12.987319, 61.939274], [12.985893, 61.939111], [12.985842, 61.939105], [12.984364, 61.938937], [12.982983, 61.938779], [12.982887, 61.938768], [12.981409, 61.938599], [12.980074, 61.938447], [12.979932, 61.938431], [12.978454, 61.938262], [12.977164, 61.938115], [12.976977, 61.938093], [12.976083, 61.937991], [12.975726, 61.93795], [12.975499, 61.937925], [12.974255, 61.937782], [12.974022, 61.937756], [12.972544, 61.937587], [12.971345, 61.93745], [12.971068, 61.937416], [12.969593, 61.937243], [12.968439, 61.937111], [12.968115, 61.937076], [12.966635, 61.936912], [12.965527, 61.936785], [12.965481, 61.93678], [12.965435, 61.936775], [12.965388, 61.936769], [12.965342, 61.936764], [12.965296, 61.936759], [12.96525, 61.936754], [12.965204, 61.936748], [12.965158, 61.936743], [12.962982, 61.936462]]}}, {"type": "Feature", "properties": {"objekttyp": "Lintrafik", "id": "8bbf8748-bfa5-4313-b0a7-0f7b61841392"}, "geometry": {"type": "LineString", "coordinates": [[14.319798, 61.991078], [14.317686, 61.993592], [14.315573, 61.996107]]}}, {"type": "Feature", "properties": {"objekttyp": "Lintrafik", "id": "bb5b6167-1c37-4b02-a1c9-076ace5eb13e"}, "geometry": {"type": "LineString", "coordinates": [[13.085334, 63.316651], [13.081896, 63.321145]]}}, {"type": "Feature", "properties": {"objekttyp": "Lintrafik", "id": "886b8f7f-1e3a-4b4f-95bc-eec2d3cf1cdc"}, "geometry": {"type": "LineString", "coordinates": [[17.224896, 63.15649], [17.23597, 63.160669], [17.237684, 63.161315], [17.244056, 63.163719], [17.247047, 63.164846]]}}, {"type": "Feature", "properties": {"objekttyp": "Lintrafik", "id": "d6981625-c720-4b4d-a80e-4654efb198fb"}, "geometry": {"type": "LineString", "coordinates": [[16.730527, 62.064301], [16.731296, 62.064368], [16.732386, 62.064476], [16.732883, 62.064528], [16.733452, 62.064587], [16.734523, 62.06469]]}}, {"type": "Feature", "properties": {"objekttyp": "Lintrafik", "id": "bb8bd56b-0fa1-4a65-ae29-7a74a0ea21ec"}, "geometry": {"type": "LineString", "coordinates": [[16.743687, 62.064137], [16.741926, 62.064813], [16.740446, 62.06538], [16.738968, 62.065943], [16.737212, 62.066614], [16.736253, 62.06699]]}}, {"type": "Feature", "properties": {"objekttyp": "Lintrafik", "id": "4b224d2d-5d9f-4004-a5d0-91319dd187ae"}, "geometry": {"type": "LineString", "coordinates": [[12.387344, 62.052029], [12.391849, 62.055396]]}}, {"type": "Feature", "properties": {"objekttyp": "Lintrafik", "id": "04423253-ec9e-45d8-b87d-a5aa0b0d08e1"}, "geometry": {"type": "LineString", "coordinates": [[16.732137, 62.077089], [16.732132, 62.077047], [16.732138, 62.076973], [16.732131, 62.076866], [16.732117, 62.076762], [16.732016, 62.076188], [16.731988, 62.076032], [16.731909, 62.075619], [16.731901, 62.075581], [16.731894, 62.075543], [16.731822, 62.07519], [16.731815, 62.075153], [16.73175, 62.074837], [16.731655, 62.074373], [16.73156, 62.073905], [16.731476, 62.073492], [16.731391, 62.073075], [16.731374, 62.072994], [16.731312, 62.072694], [16.731304, 62.072656], [16.731236, 62.072313], [16.73121, 62.072165], [16.731196, 62.072081], [16.731184, 62.072015], [16.731139, 62.0713], [16.730908, 62.070131], [16.730717, 62.069242], [16.730539, 62.068363], [16.730536, 62.068348], [16.730358, 62.067457], [16.730083, 62.066097], [16.729962, 62.065506], [16.729839, 62.064918], [16.729806, 62.064759], [16.729714, 62.064328]]}}, {"type": "Feature", "properties": {"objekttyp": "Lintrafik", "id": "82d71771-8612-4cb3-b510-1202d506ddfb"}, "geometry": {"type": "LineString", "coordinates": [[16.724641, 62.072107], [16.725032, 62.073073], [16.726052, 62.075586], [16.726681, 62.077233]]}}, {"type": "Feature", "properties": {"objekttyp": "Lintrafik", "id": "23ab03e5-26fb-4b8b-977d-4633430b89f2"}, "geometry": {"type": "LineString", "coordinates": [[16.723534, 62.077624], [16.723011, 62.081381]]}}, {"type": "Feature", "properties": {"objekttyp": "Lintrafik", "id": "70251c1a-440e-4c11-b72d-3b2280791381"}, "geometry": {"type": "LineString", "coordinates": [[16.723011, 62.08138], [16.723011, 62.081381], [16.722985, 62.081594], [16.722958, 62.081802]]}}, {"type": "Feature", "properties": {"objekttyp": "Lintrafik", "id": "6f82e6af-a33c-4325-8a80-9f8f39540243"}, "geometry": {"type": "LineString", "coordinates": [[12.336093, 62.086978], [12.336087, 62.086976], [12.33566, 62.086792], [12.335221, 62.086603], [12.334782, 62.086414], [12.334343, 62.086225], [12.333904, 62.086036], [12.333882, 62.086027], [12.333464, 62.085847], [12.333441, 62.085837], [12.333025, 62.085658], [12.333, 62.085647], [12.332586, 62.08547], [12.332559, 62.085458], [12.332147, 62.085281], [12.332118, 62.085268], [12.331708, 62.085092], [12.331677, 62.085078], [12.331269, 62.084903], [12.331236, 62.084888], [12.33083, 62.084714], [12.330795, 62.084699], [12.330391, 62.084525], [12.330354, 62.084509], [12.329952, 62.084336], [12.329913, 62.084319], [12.329513, 62.084147], [12.329472, 62.084129], [12.329074, 62.083958], [12.329052, 62.083949]]}}, {"type": "Feature", "properties": {"objekttyp": "Lintrafik", "id": "ca9bf3be-b4ba-4488-9b52-376b7fa732dc"}, "geometry": {"type": "LineString", "coordinates": [[12.331248, 62.08744], [12.328478, 62.084093]]}}, {"type": "Feature", "properties": {"objekttyp": "Lintrafik", "id": "42a9fbe9-2fa3-4443-9226-dfde3fc0e095"}, "geometry": {"type": "LineString", "coordinates": [[13.309047, 62.111977], [13.310114, 62.11252], [13.314311, 62.114655], [13.315447, 62.115238]]}}, {"type": "Feature", "properties": {"objekttyp": "Lintrafik", "id": "dcb6d4f0-0373-4317-a892-8e034985e135"}, "geometry": {"type": "LineString", "coordinates": [[13.299234, 62.11889], [13.296087, 62.116086]]}}, {"type": "Feature", "properties": {"objekttyp": "Lintrafik", "id": "19f18421-15f1-4b5e-958b-91a2ff460237"}, "geometry": {"type": "LineString", "coordinates": [[13.317845, 62.112959], [13.320773, 62.119918], [13.321542, 62.121745]]}}, {"type": "Feature", "properties": {"objekttyp": "Lintrafik", "id": "42dde4f9-7858-4e74-8986-a628663405e4"}, "geometry": {"type": "LineString", "coordinates": [[13.325075, 62.123909], [13.324289, 62.119961], [13.322401, 62.110468]]}}, {"type": "Feature", "properties": {"objekttyp": "Lintrafik", "id": "80662ffc-b0da-40c3-bced-2be1797d2190"}, "geometry": {"type": "LineString", "coordinates": [[13.298433, 62.116381], [13.300384, 62.118606], [13.301326, 62.119681], [13.307839, 62.127107]]}}, {"type": "Feature", "properties": {"objekttyp": "Lintrafik", "id": "fff455b1-c95d-4a62-b9ac-84a25e9eb0bc"}, "geometry": {"type": "LineString", "coordinates": [[13.304257, 62.128356], [13.297829, 62.119638], [13.295346, 62.116269], [13.29439, 62.114972]]}}, {"type": "Feature", "properties": {"objekttyp": "Lintrafik", "id": "e5ce0740-412d-4036-a40f-ee7bf964fc99"}, "geometry": {"type": "LineString", "coordinates": [[17.275953, 62.368921], [17.287226, 62.3692]]}}, {"type": "Feature", "properties": {"objekttyp": "Lintrafik", "id": "075685e6-b4a1-4364-9a90-68caaf3fbbe1"}, "geometry": {"type": "LineString", "coordinates": [[17.32991, 62.373526], [17.321102, 62.369501]]}}, {"type": "Feature", "properties": {"objekttyp": "Lintrafik", "id": "704ad7a0-93a8-47de-9329-30941ed3d66f"}, "geometry": {"type": "LineString", "coordinates": [[13.376024, 62.296499], [13.367139, 62.297828]]}}, {"type": "Feature", "properties": {"objekttyp": "Lintrafik", "id": "24bb7698-4a1a-45cc-ab66-44ab1d5f99fa"}, "geometry": {"type": "LineString", "coordinates": [[17.374521, 62.300731], [17.369233, 62.300673], [17.363944, 62.300615]]}}, {"type": "Feature", "properties": {"objekttyp": "Lintrafik", "id": "9f076ccd-5af7-4578-ad12-00402c133bd5"}, "geometry": {"type": "LineString", "coordinates": [[17.374358, 62.301459], [17.37373, 62.301866], [17.372556, 62.302626]]}}, {"type": "Feature", "properties": {"objekttyp": "Lintrafik", "id": "1887f84a-80e0-4681-8f81-ab757ee252ed"}, "geometry": {"type": "LineString", "coordinates": [[13.991045, 62.415196], [13.968357, 62.413834], [13.962975, 62.413511], [13.962343, 62.413472], [13.961712, 62.413434], [13.961081, 62.413396], [13.96045, 62.413357], [13.959818, 62.413319], [13.959187, 62.41328], [13.958556, 62.413242], [13.957925, 62.413203], [13.957294, 62.413165], [13.956663, 62.413126], [13.956032, 62.413088], [13.955401, 62.413049], [13.954769, 62.413011], [13.954138, 62.412972], [13.953507, 62.412934], [13.952876, 62.412895], [13.952755, 62.412888], [13.952695, 62.412884], [13.952675, 62.412883], [13.952665, 62.412883], [13.952636, 62.412881]]}}, {"type": "Feature", "properties": {"objekttyp": "Lintrafik", "id": "ab98fb79-7762-474c-bb54-59e5e552c177"}, "geometry": {"type": "LineString", "coordinates": [[13.495246, 62.406722], [13.497768, 62.409003], [13.500291, 62.411285]]}}, {"type": "Feature", "properties": {"objekttyp": "Lintrafik", "id": "9d421de3-0949-4892-90aa-33798939c8a1"}, "geometry": {"type": "LineString", "coordinates": [[13.951002, 62.416216], [13.951017, 62.416216], [13.95142, 62.416225], [13.95169, 62.416232], [13.951822, 62.416235], [13.952224, 62.416244], [13.952393, 62.416248], [13.952626, 62.416253], [13.953028, 62.416263], [13.953096, 62.416264], [13.95343, 62.416272], [13.953799, 62.416281], [13.953832, 62.416282], [13.954234, 62.416291], [13.954503, 62.416297], [13.954636, 62.4163], [13.955038, 62.41631], [13.955206, 62.416313], [13.955441, 62.416319], [13.955843, 62.416328], [13.955909, 62.41633], [13.956245, 62.416337], [13.956612, 62.416346], [13.956647, 62.416347], [13.956716, 62.416349], [13.956821, 62.416351], [13.956926, 62.416354], [13.957031, 62.416356], [13.957136, 62.416359], [13.95724, 62.416361], [13.957345, 62.416364], [13.957451, 62.416367], [13.959901, 62.416368], [13.962009, 62.416417], [13.966725, 62.416536], [13.968262, 62.416586], [13.969865, 62.416637]]}}, {"type": "Feature", "properties": {"objekttyp": "Lintrafik", "id": "7667cbfb-d2e6-4bed-9bf5-933e900bd69f"}, "geometry": {"type": "LineString", "coordinates": [[13.949902, 62.416705], [13.954277, 62.417473]]}}, {"type": "Feature", "properties": {"objekttyp": "Lintrafik", "id": "fc44b4d0-14e9-4c21-98d6-169e8ff17cde"}, "geometry": {"type": "LineString", "coordinates": [[13.958173, 62.422059], [13.960343, 62.421824], [13.963765, 62.421498], [13.965933, 62.421271], [13.966437, 62.421222], [13.968108, 62.421064], [13.986864, 62.419283]]}}, {"type": "Feature", "properties": {"objekttyp": "Lintrafik", "id": "8f4ce393-2633-4148-94b4-15ee57f51942"}, "geometry": {"type": "LineString", "coordinates": [[12.71532, 62.411517], [12.718665, 62.410603], [12.731452, 62.407109]]}}, {"type": "Feature", "properties": {"objekttyp": "Lintrafik", "id": "7e40c6b3-4736-436a-8824-b34403754af5"}, "geometry": {"type": "LineString", "coordinates": [[13.956964, 62.422356], [13.957035, 62.42337], [13.957176, 62.425293], [13.957181, 62.425374], [13.95726, 62.426527]]}}, {"type": "Feature", "properties": {"objekttyp": "Lintrafik", "id": "42beaeb0-b213-4d88-852c-7960fb454fbb"}, "geometry": {"type": "LineString", "coordinates": [[13.958054, 62.42248], [13.961151, 62.423568], [13.966182, 62.425384], [13.966239, 62.425414], [13.967246, 62.425782], [13.967937, 62.426023], [13.969269, 62.426488], [13.971136, 62.427142], [13.97333, 62.427937], [13.975223, 62.428621], [13.976855, 62.429175], [13.978069, 62.429628], [13.980084, 62.430302]]}}, {"type": "Feature", "properties": {"objekttyp": "Lintrafik", "id": "8c89c862-8661-41fd-9f80-0dda912d3314"}, "geometry": {"type": "LineString", "coordinates": [[12.714313, 62.415349], [12.717769, 62.411342]]}}, {"type": "Feature", "properties": {"objekttyp": "Lintrafik", "id": "dfa08387-3778-4a3e-a4be-766f62c4a7ab"}, "geometry": {"type": "LineString", "coordinates": [[13.961287, 62.434191], [13.960121, 62.43225], [13.959561, 62.431304], [13.959077, 62.430408], [13.958612, 62.429752], [13.958291, 62.429359], [13.958218, 62.429224], [13.958145, 62.429088], [13.958071, 62.428953], [13.957998, 62.428816], [13.957863, 62.428559], [13.95776, 62.42836], [13.957654, 62.428157], [13.957523, 62.427905], [13.957445, 62.427756], [13.957286, 62.42745], [13.957236, 62.427354], [13.957049, 62.426995], [13.957026, 62.426952], [13.95699, 62.426884], [13.956931, 62.426773], [13.956871, 62.426661], [13.956812, 62.42655], [13.956741, 62.426418], [13.956669, 62.426281], [13.956599, 62.426152], [13.956525, 62.426013], [13.956458, 62.425886], [13.956382, 62.425744], [13.956316, 62.42562], [13.956242, 62.425481]]}}, {"type": "Feature", "properties": {"objekttyp": "Lintrafik", "id": "594ba88d-4c92-4b68-8b43-3682b6168b05"}, "geometry": {"type": "LineString", "coordinates": [[12.715843, 62.420485], [12.713732, 62.416673], [12.712997, 62.415346]]}}, {"type": "Feature", "properties": {"objekttyp": "Lintrafik", "id": "f955f3cd-786b-42d8-9c35-e9cb803099db"}, "geometry": {"type": "LineString", "coordinates": [[12.704934, 62.426382], [12.707545, 62.424525], [12.711727, 62.421551]]}}, {"type": "Feature", "properties": {"objekttyp": "Lintrafik", "id": "6f0f74d9-fc71-43d0-a8a3-546025064a3e"}, "geometry": {"type": "LineString", "coordinates": [[13.97654, 62.467499], [13.977553, 62.468127], [13.97907, 62.469078], [13.980902, 62.47022], [13.981343, 62.470487], [13.984049, 62.472132], [13.987509, 62.474231], [13.990025, 62.475793]]}}, {"type": "Feature", "properties": {"objekttyp": "Lintrafik", "id": "27f9b00f-b5fe-4789-984c-ae3cd749a029"}, "geometry": {"type": "LineString", "coordinates": [[13.969049, 62.480633], [13.973525, 62.481399]]}}, {"type": "Feature", "properties": {"objekttyp": "Lintrafik", "id": "b6b02e90-5312-4dbf-b340-c6617a2c19f9"}, "geometry": {"type": "LineString", "coordinates": [[13.972798, 62.48173], [13.968703, 62.481066], [13.966048, 62.480636], [13.96475, 62.480426]]}}, {"type": "Feature", "properties": {"objekttyp": "Lintrafik", "id": "2e16dbf4-0155-47cb-a02e-8cd6155fe768"}, "geometry": {"type": "LineString", "coordinates": [[13.972628, 62.481802], [13.966031, 62.481218], [13.964273, 62.481063], [13.961776, 62.480842]]}}, {"type": "Feature", "properties": {"objekttyp": "Lintrafik", "id": "e052f81a-9544-4fe0-8c37-3ed5f25621fa"}, "geometry": {"type": "LineString", "coordinates": [[13.955113, 62.483525], [13.960352, 62.481792], [13.962217, 62.481145]]}}, {"type": "Feature", "properties": {"objekttyp": "Lintrafik", "id": "299c1962-1966-46b6-adc0-25c4da3d95b1"}, "geometry": {"type": "LineString", "coordinates": [[13.960326, 62.482162], [13.965932, 62.483994], [13.967661, 62.484559]]}}, {"type": "Feature", "properties": {"objekttyp": "Lintrafik", "id": "dab05d9c-b4dd-42d0-8329-5643f7e0fdfc"}, "geometry": {"type": "LineString", "coordinates": [[17.316086, 62.469577], [17.316089, 62.469571], [17.316304, 62.469153], [17.316517, 62.46874], [17.316804, 62.468212], [17.317092, 62.467684], [17.317356, 62.467203], [17.317619, 62.466722], [17.317865, 62.466277], [17.318065, 62.465913], [17.318105, 62.465842], [17.318111, 62.465831], [17.318333, 62.465423], [17.318561, 62.465003], [17.318801, 62.46457], [17.31904, 62.464137], [17.319341, 62.463578], [17.319637, 62.463029], [17.319755, 62.462814], [17.319867, 62.462609], [17.320133, 62.462248]]}}, {"type": "Feature", "properties": {"objekttyp": "Lintrafik", "id": "2d93e62d-a6d9-4633-aa57-dcd56116de37"}, "geometry": {"type": "LineString", "coordinates": [[13.966838, 62.485081], [13.965899, 62.484978], [13.960619, 62.484394], [13.956947, 62.484011]]}}, {"type": "Feature", "properties": {"objekttyp": "Lintrafik", "id": "6675fcdd-1931-4d23-99d4-4889e30c118a"}, "geometry": {"type": "LineString", "coordinates": [[13.954907, 62.484502], [13.948819, 62.488028], [13.948646, 62.488142], [13.948538, 62.488214], [13.948468, 62.48826], [13.948291, 62.488377], [13.948113, 62.488494], [13.947935, 62.488611], [13.947757, 62.488729], [13.947696, 62.48877], [13.94758, 62.488846], [13.947402, 62.488963], [13.946724, 62.489409], [13.946664, 62.489449], [13.946046, 62.489856], [13.945633, 62.490128], [13.945368, 62.490302], [13.944691, 62.490748], [13.944602, 62.490807], [13.944013, 62.491194], [13.94357, 62.491486], [13.943334, 62.49164], [13.943093, 62.491798], [13.942654, 62.492086], [13.94214, 62.492421], [13.941973, 62.492531], [13.941817, 62.492633]]}}, {"type": "Feature", "properties": {"objekttyp": "Lintrafik", "id": "64443c17-6073-459c-b277-410db5173d53"}, "geometry": {"type": "LineString", "coordinates": [[14.113804, 62.495556], [14.11938, 62.495255]]}}, {"type": "Feature", "properties": {"objekttyp": "Lintrafik", "id": "e162df8f-7b8a-4149-a71e-49609f403da7"}, "geometry": {"type": "LineString", "coordinates": [[14.120449, 62.494501], [14.13673, 62.495216], [14.155884, 62.496054], [14.157515, 62.496126], [14.158258, 62.496159]]}}, {"type": "Feature", "properties": {"objekttyp": "Lintrafik", "id": "4a73d930-7a03-4faa-937d-36d0841cac28"}, "geometry": {"type": "LineString", "coordinates": [[14.106538, 62.495947], [14.113387, 62.495578]]}}, {"type": "Feature", "properties": {"objekttyp": "Lintrafik", "id": "7af65130-ca3e-421a-b31e-3d60bbd1f7c6"}, "geometry": {"type": "LineString", "coordinates": [[14.158828, 62.494788], [14.168629, 62.496472]]}}, {"type": "Feature", "properties": {"objekttyp": "Lintrafik", "id": "edbb08e1-5b4e-478d-acb0-41bcf541c393"}, "geometry": {"type": "LineString", "coordinates": [[14.157466, 62.496343], [14.158213, 62.496379], [14.16832, 62.496857], [14.171469, 62.497006], [14.171904, 62.497027]]}}, {"type": "Feature", "properties": {"objekttyp": "Lintrafik", "id": "d2f9932b-7f42-4f70-8624-188017ca0246"}, "geometry": {"type": "LineString", "coordinates": [[14.09522, 62.497822], [14.106542, 62.496753]]}}, {"type": "Feature", "properties": {"objekttyp": "Lintrafik", "id": "88a319b7-3d68-40ea-b805-bc1e561e1dc0"}, "geometry": {"type": "LineString", "coordinates": [[14.091909, 62.498705], [14.091471, 62.498499]]}}, {"type": "Feature", "properties": {"objekttyp": "Lintrafik", "id": "30d9b6c6-0724-4a50-8954-b576ab173c70"}, "geometry": {"type": "LineString", "coordinates": [[13.963977, 62.498361], [13.962231, 62.497802], [13.961712, 62.497635], [13.94715, 62.492996]]}}, {"type": "Feature", "properties": {"objekttyp": "Lintrafik", "id": "6792c664-12a9-4137-be57-5562aefefdfd"}, "geometry": {"type": "LineString", "coordinates": [[13.95413, 62.499158], [13.953088, 62.498442], [13.9528, 62.498244], [13.952532, 62.498059], [13.952064, 62.497726], [13.950619, 62.496697], [13.949632, 62.495956], [13.94734, 62.494356], [13.946356, 62.493707], [13.945748, 62.493313]]}}, {"type": "Feature", "properties": {"objekttyp": "Lintrafik", "id": "4d49255c-9b89-4460-97cc-e085b264c2b5"}, "geometry": {"type": "LineString", "coordinates": [[14.181738, 62.501009], [14.178388, 62.499241], [14.177492, 62.498767]]}}, {"type": "Feature", "properties": {"objekttyp": "Lintrafik", "id": "e5321b98-0287-48d0-a7c1-5894cb087930"}, "geometry": {"type": "LineString", "coordinates": [[14.172218, 62.496783], [14.172464, 62.497012], [14.174849, 62.49922], [14.175528, 62.499849], [14.175587, 62.499896], [14.175654, 62.499949], [14.175696, 62.499983], [14.175788, 62.500055], [14.175865, 62.500116], [14.175922, 62.500161], [14.175988, 62.500214], [14.176033, 62.50025], [14.176202, 62.500383], [14.176326, 62.500482], [14.17637, 62.500517], [14.176539, 62.50065], [14.176597, 62.500696], [14.176707, 62.500784], [14.176875, 62.500918], [14.177044, 62.501051], [14.177138, 62.501126], [14.177212, 62.501185], [14.177381, 62.501318], [14.177408, 62.50134], [14.177549, 62.501452], [14.177679, 62.501555], [14.177718, 62.501585], [14.177886, 62.501719], [14.177891, 62.501723], [14.17795, 62.501769], [14.178054, 62.501852], [14.178223, 62.501986]]}}, {"type": "Feature", "properties": {"objekttyp": "Lintrafik", "id": "3f498a99-177d-4058-989a-80fc2b22619a"}, "geometry": {"type": "LineString", "coordinates": [[14.176435, 62.503363], [14.171402, 62.501685], [14.163823, 62.499154], [14.157816, 62.49715]]}}, {"type": "Feature", "properties": {"objekttyp": "Lintrafik", "id": "83ea7e51-ea91-4f27-b40c-39724642d23f"}, "geometry": {"type": "LineString", "coordinates": [[14.101005, 62.502938], [14.100993, 62.502932], [14.100692, 62.502793], [14.100489, 62.502699], [14.100365, 62.502642], [14.100026, 62.502486], [14.099974, 62.502462], [14.09972, 62.502342], [14.099485, 62.502233], [14.099399, 62.502193], [14.099075, 62.502042], [14.098982, 62.501999], [14.098751, 62.501892], [14.098478, 62.501766], [14.098427, 62.501742], [14.098103, 62.501592], [14.097974, 62.501532], [14.097778, 62.501442], [14.097454, 62.501292], [14.097307, 62.501224], [14.09713, 62.501142], [14.096966, 62.501066], [14.096824, 62.501001], [14.096805, 62.500992], [14.096682, 62.500936], [14.096539, 62.50087], [14.096479, 62.500843], [14.096397, 62.500805], [14.096255, 62.50074], [14.096153, 62.500693], [14.096112, 62.500675], [14.09597, 62.500609], [14.095828, 62.500544], [14.091914, 62.498705]]}}, {"type": "Feature", "properties": {"objekttyp": "Lintrafik", "id": "866fb15f-ee12-4d2e-bf87-2f608cd79c71"}, "geometry": {"type": "LineString", "coordinates": [[14.096672, 62.503706], [14.095814, 62.501733]]}}, {"type": "Feature", "properties": {"objekttyp": "Lintrafik", "id": "87c9cf5b-1417-4d0c-b1b4-ef0759ad57b1"}, "geometry": {"type": "LineString", "coordinates": [[16.095351, 62.505443], [16.094618, 62.504646], [16.093864, 62.503827]]}}, {"type": "Feature", "properties": {"objekttyp": "Lintrafik", "id": "0644b23b-d110-4377-88ab-872a0199b30a"}, "geometry": {"type": "LineString", "coordinates": [[16.091567, 62.50594], [16.090435, 62.505479], [16.088505, 62.504694], [16.085444, 62.503448]]}}, {"type": "Feature", "properties": {"objekttyp": "Lintrafik", "id": "4005962a-c46a-4fca-aae9-e707df9cf4ef"}, "geometry": {"type": "LineString", "coordinates": [[12.306434, 62.540403], [12.300662, 62.534518]]}}, {"type": "Feature", "properties": {"objekttyp": "Lintrafik", "id": "c0dca021-89e0-4ef7-bc6e-2a03b6d00a16"}, "geometry": {"type": "LineString", "coordinates": [[12.545426, 62.546727], [12.540604, 62.552762]]}}, {"type": "Feature", "properties": {"objekttyp": "Lintrafik", "id": "7aa961a3-1901-43c1-bdac-6c83ec4f4629"}, "geometry": {"type": "LineString", "coordinates": [[12.540111, 62.553467], [12.541272, 62.552876], [12.543914, 62.551529], [12.547895, 62.549571], [12.552876, 62.54712]]}}, {"type": "Feature", "properties": {"objekttyp": "Lintrafik", "id": "cdaad48c-9c83-4720-a82b-04e475bfde76"}, "geometry": {"type": "LineString", "coordinates": [[12.540183, 62.554453], [12.547537, 62.553976], [12.559539, 62.553196]]}}, {"type": "Feature", "properties": {"objekttyp": "Lintrafik", "id": "ed04c9ee-7732-4193-bcb0-177007d02c13"}, "geometry": {"type": "LineString", "coordinates": [[12.551787, 62.555042], [12.55914, 62.555468]]}}, {"type": "Feature", "properties": {"objekttyp": "Lintrafik", "id": "ab7b9676-d190-4c93-b1dd-10fdf7e5034a"}, "geometry": {"type": "LineString", "coordinates": [[12.245185, 62.554813], [12.240456, 62.551217]]}}, {"type": "Feature", "properties": {"objekttyp": "Lintrafik", "id": "e10f0cf5-2ec0-4c64-8b25-e401afe1ede7"}, "geometry": {"type": "LineString", "coordinates": [[12.252235, 62.559729], [12.244254, 62.555452], [12.243792, 62.555204], [12.236757, 62.551431]]}}, {"type": "Feature", "properties": {"objekttyp": "Lintrafik", "id": "6fa10d66-d1a3-4f41-ad9b-0621f0aa3a7e"}, "geometry": {"type": "LineString", "coordinates": [[12.250709, 62.559923], [12.243456, 62.555747]]}}, {"type": "Feature", "properties": {"objekttyp": "Lintrafik", "id": "930f33ea-5d9b-4b85-8bf5-dcde1bf218a3"}, "geometry": {"type": "LineString", "coordinates": [[12.247711, 62.561073], [12.241059, 62.556839]]}}, {"type": "Feature", "properties": {"objekttyp": "Lintrafik", "id": "47d935a8-6536-4049-ae28-7890778f3d6e"}, "geometry": {"type": "LineString", "coordinates": [[12.246775, 62.56203], [12.232901, 62.556285]]}}, {"type": "Feature", "properties": {"objekttyp": "Lintrafik", "id": "3af69283-6aec-4332-afd4-3afcfd1524ba"}, "geometry": {"type": "LineString", "coordinates": [[12.24676, 62.56277], [12.240125, 62.561372]]}}, {"type": "Feature", "properties": {"objekttyp": "Lintrafik", "id": "897c6051-ea09-49fa-a225-60a6616925d9"}, "geometry": {"type": "LineString", "coordinates": [[12.235487, 62.561547], [12.239782, 62.564188], [12.241158, 62.565035]]}}, {"type": "Feature", "properties": {"objekttyp": "Lintrafik", "id": "b72dbbfe-aeca-4159-ad01-c8040d3e4a69"}, "geometry": {"type": "LineString", "coordinates": [[12.24083, 62.565415], [12.237096, 62.564135], [12.226214, 62.560407]]}}, {"type": "Feature", "properties": {"objekttyp": "Lintrafik", "id": "74282b0e-9413-430d-875f-28feea290d30"}, "geometry": {"type": "LineString", "coordinates": [[12.237216, 62.567362], [12.229855, 62.563991], [12.223299, 62.560993]]}}, {"type": "Feature", "properties": {"objekttyp": "Lintrafik", "id": "48fb1503-a77a-4cf1-b5c9-58c4173695b6"}, "geometry": {"type": "LineString", "coordinates": [[12.222318, 62.564469], [12.232209, 62.569801]]}}, {"type": "Feature", "properties": {"objekttyp": "Lintrafik", "id": "5cdc1999-8bb0-42ab-81f4-833ec5b70249"}, "geometry": {"type": "LineString", "coordinates": [[12.226901, 62.572111], [12.226785, 62.57206], [12.226687, 62.572017], [12.226456, 62.571915], [12.226342, 62.571864], [12.226128, 62.57177], [12.225997, 62.571712], [12.225799, 62.571624], [12.225652, 62.571559], [12.22547, 62.571479], [12.225307, 62.571407], [12.225141, 62.571333], [12.224962, 62.571254], [12.224812, 62.571188], [12.224618, 62.571102], [12.224483, 62.571042], [12.224273, 62.570949], [12.224154, 62.570897], [12.223928, 62.570796], [12.223826, 62.570751], [12.223583, 62.570644], [12.223497, 62.570606], [12.223238, 62.570491], [12.223168, 62.57046], [12.222893, 62.570339], [12.222548, 62.570186], [12.222203, 62.570034], [12.221858, 62.569881], [12.221513, 62.569728], [12.217984, 62.567999]]}}, {"type": "Feature", "properties": {"objekttyp": "Lintrafik", "id": "dbbde683-0cd2-42c3-bd7f-23c3b205fe3a"}, "geometry": {"type": "LineString", "coordinates": [[12.223453, 62.573274], [12.220864, 62.571554]]}}, {"type": "Feature", "properties": {"objekttyp": "Lintrafik", "id": "250a7488-a0a9-4e20-b8c7-b8f6332c6a44"}, "geometry": {"type": "LineString", "coordinates": [[17.946697, 62.612035], [17.947189, 62.611899], [17.947657, 62.61177], [17.948809, 62.611453], [17.951392, 62.61073], [17.951946, 62.610576]]}}, {"type": "Feature", "properties": {"objekttyp": "Lintrafik", "id": "c06be8bc-02fa-4484-a9db-073df9f09fbb"}, "geometry": {"type": "LineString", "coordinates": [[12.224905, 62.573369], [12.224878, 62.57335], [12.22485, 62.573331], [12.224309, 62.572954], [12.223774, 62.572581], [12.223227, 62.572199], [12.222686, 62.571822], [12.222145, 62.571445], [12.221843, 62.571234], [12.221623, 62.57108], [12.221604, 62.571067], [12.221063, 62.57069], [12.220547, 62.57033], [12.220522, 62.570313], [12.220416, 62.570238], [12.219982, 62.569935], [12.219471, 62.569579], [12.219441, 62.569558], [12.2189, 62.569181], [12.218396, 62.568829], [12.218359, 62.568803], [12.217818, 62.568426], [12.217533, 62.568227], [12.21732, 62.568079], [12.217277, 62.568049], [12.216736, 62.567671], [12.216245, 62.567328], [12.21622, 62.567311]]}}, {"type": "Feature", "properties": {"objekttyp": "Lintrafik", "id": "f81447bc-e6ea-45d4-9fba-7417a6ebcb4d"}, "geometry": {"type": "LineString", "coordinates": [[12.882825, 62.661424], [12.882443, 62.662505], [12.882062, 62.663586]]}}, {"type": "Feature", "properties": {"objekttyp": "Lintrafik", "id": "3a7b25d3-9213-4e4a-9229-e2bce8bf0d4c"}, "geometry": {"type": "LineString", "coordinates": [[12.772702, 62.676385], [12.762116, 62.669801]]}}, {"type": "Feature", "properties": {"objekttyp": "Lintrafik", "id": "109baa41-5114-41c8-8b76-ecfcb13c681d"}, "geometry": {"type": "LineString", "coordinates": [[16.771522, 62.696101], [16.770665, 62.696393], [16.769293, 62.69686], [16.767841, 62.697444]]}}, {"type": "Feature", "properties": {"objekttyp": "Lintrafik", "id": "80cc897f-4951-4409-a8c6-531370e5b7cb"}, "geometry": {"type": "LineString", "coordinates": [[16.771601, 62.696003], [16.771937, 62.69652], [16.772638, 62.697517], [16.77283, 62.69779], [16.773717, 62.69903]]}}, {"type": "Feature", "properties": {"objekttyp": "Lintrafik", "id": "e2d03ed0-0653-4748-8e51-bcd36aa5e866"}, "geometry": {"type": "LineString", "coordinates": [[12.386512, 62.688864], [12.397468, 62.695233]]}}, {"type": "Feature", "properties": {"objekttyp": "Lintrafik", "id": "a43d5eff-b0d5-40e3-829e-9cce50d0a596"}, "geometry": {"type": "LineString", "coordinates": [[12.379438, 62.698567], [12.379009, 62.698222], [12.378579, 62.697877], [12.378148, 62.697531], [12.377719, 62.697188], [12.37729, 62.696846], [12.376859, 62.696501], [12.376426, 62.696158], [12.375994, 62.695814], [12.375561, 62.695471], [12.375129, 62.695127], [12.374696, 62.694784], [12.374267, 62.694439], [12.37387, 62.694083], [12.373432, 62.693744], [12.373003, 62.693398], [12.372586, 62.693051]]}}, {"type": "Feature", "properties": {"objekttyp": "Lintrafik", "id": "67b7366a-4d84-4370-9096-81526ff858bd"}, "geometry": {"type": "LineString", "coordinates": [[12.388536, 62.701501], [12.374078, 62.692429]]}}, {"type": "Feature", "properties": {"objekttyp": "Lintrafik", "id": "9b543d73-18ef-4854-8071-84697c0fca8a"}, "geometry": {"type": "LineString", "coordinates": [[12.386668, 62.702484], [12.385993, 62.702363], [12.385319, 62.702243], [12.384646, 62.702122], [12.383973, 62.702002], [12.3833, 62.701882], [12.382626, 62.701762], [12.381953, 62.701641], [12.38128, 62.701521], [12.380607, 62.701401], [12.379933, 62.70128], [12.37926, 62.70116], [12.378587, 62.70104], [12.377914, 62.700919], [12.377241, 62.700799], [12.376568, 62.700679], [12.375894, 62.700558]]}}, {"type": "Feature", "properties": {"objekttyp": "Lintrafik", "id": "f831d3ce-8218-4290-a082-bc7a9ad54c38"}, "geometry": {"type": "LineString", "coordinates": [[12.378829, 62.706479], [12.372075, 62.701084]]}}, {"type": "Feature", "properties": {"objekttyp": "Lintrafik", "id": "906cd52c-6ec4-4fb2-a7f4-d8b536265c81"}, "geometry": {"type": "LineString", "coordinates": [[14.597066, 63.182947], [14.595261, 63.182065], [14.592251, 63.180594]]}}, {"type": "Feature", "properties": {"objekttyp": "Lintrafik", "id": "615eab9b-57c0-4801-9d0f-b8f654ea09f7"}, "geometry": {"type": "LineString", "coordinates": [[17.942559, 62.609711], [17.943716, 62.609693], [17.946961, 62.609638], [17.947499, 62.609629], [17.952313, 62.609596]]}}, {"type": "Feature", "properties": {"objekttyp": "Lintrafik", "id": "a5631f16-6c12-40da-b7ab-9d42d7802a98"}, "geometry": {"type": "LineString", "coordinates": [[17.952359, 62.609945], [17.947124, 62.610205], [17.947011, 62.610211], [17.941664, 62.610476]]}}, {"type": "Feature", "properties": {"objekttyp": "Lintrafik", "id": "a1e32648-cbd7-4e98-824a-d461b1ce9827"}, "geometry": {"type": "LineString", "coordinates": [[17.942444, 62.611193], [17.9458, 62.610849], [17.947068, 62.610719], [17.947363, 62.610689]]}}, {"type": "Feature", "properties": {"objekttyp": "Lintrafik", "id": "de152d35-461a-49fb-85b8-91f99ee0673d"}, "geometry": {"type": "LineString", "coordinates": [[13.066012, 63.322988], [13.063438, 63.316819], [13.063029, 63.315877]]}}, {"type": "Feature", "properties": {"objekttyp": "Lintrafik", "id": "5e32c4ed-ed5f-4358-9499-b70240f89c98"}, "geometry": {"type": "LineString", "coordinates": [[12.794382, 62.856017], [12.80099, 62.864788]]}}, {"type": "Feature", "properties": {"objekttyp": "Lintrafik", "id": "b9d97b51-5156-441a-8235-adb1a4b45da0"}, "geometry": {"type": "LineString", "coordinates": [[12.697533, 62.878492], [12.704917, 62.876971]]}}, {"type": "Feature", "properties": {"objekttyp": "Lintrafik", "id": "1b395b23-be45-4bc5-bfb2-c46f8c0672a6"}, "geometry": {"type": "LineString", "coordinates": [[18.472272, 62.867118], [18.474535, 62.866954], [18.476798, 62.86679]]}}, {"type": "Feature", "properties": {"objekttyp": "Lintrafik", "id": "0191a85f-c03c-430e-9d2f-486e2ca16e65"}, "geometry": {"type": "LineString", "coordinates": [[14.310533, 62.915299], [14.302031, 62.914905], [14.293528, 62.91451]]}}, {"type": "Feature", "properties": {"objekttyp": "Lintrafik", "id": "0fc30ff6-184b-4472-920d-2a4e53186181"}, "geometry": {"type": "LineString", "coordinates": [[15.225717, 62.923388], [15.223833, 62.923051], [15.222483, 62.922794], [15.222405, 62.92278], [15.221911, 62.922686], [15.221357, 62.922603], [15.220053, 62.922401], [15.219093, 62.922201]]}}, {"type": "Feature", "properties": {"objekttyp": "Lintrafik", "id": "5f241a7c-8962-40b2-93fd-ccf9ccdd91ff"}, "geometry": {"type": "LineString", "coordinates": [[14.608189, 63.182861], [14.605424, 63.183078], [14.602666, 63.183295], [14.599461, 63.18351]]}}, {"type": "Feature", "properties": {"objekttyp": "Lintrafik", "id": "2c8a2306-40fa-44f1-8a40-652433a4b604"}, "geometry": {"type": "LineString", "coordinates": [[17.73434, 62.924177], [17.7358, 62.924478], [17.738988, 62.925153], [17.739007, 62.925157], [17.743638, 62.926138]]}}, {"type": "Feature", "properties": {"objekttyp": "Lintrafik", "id": "c1e2a628-055d-4d68-93a4-42a3aae3437e"}, "geometry": {"type": "LineString", "coordinates": [[13.929284, 63.021279], [13.934892, 63.020962], [13.941263, 63.020602]]}}, {"type": "Feature", "properties": {"objekttyp": "Lintrafik", "id": "ceb5ed87-ff76-478b-bba0-03d663c5a55e"}, "geometry": {"type": "LineString", "coordinates": [[16.679307, 63.009745], [16.675772, 63.00865], [16.675734, 63.008638], [16.674597, 63.008286], [16.672163, 63.007555]]}}, {"type": "Feature", "properties": {"objekttyp": "Lintrafik", "id": "a60747f3-cf71-409d-a18a-b87e9443e885"}, "geometry": {"type": "LineString", "coordinates": [[13.940753, 63.023599], [13.938756, 63.023536], [13.936906, 63.023469], [13.934812, 63.023395], [13.934031, 63.023367], [13.928632, 63.023163], [13.928475, 63.023157]]}}, {"type": "Feature", "properties": {"objekttyp": "Lintrafik", "id": "5ff240c7-c8bb-4bf5-bfcd-8b67cead8c88"}, "geometry": {"type": "LineString", "coordinates": [[16.075507, 63.023454], [16.078686, 63.023587], [16.079419, 63.023617], [16.079481, 63.023619], [16.083454, 63.023779]]}}, {"type": "Feature", "properties": {"objekttyp": "Lintrafik", "id": "c09c639e-7605-46fa-afb9-eea1b0b9d93e"}, "geometry": {"type": "LineString", "coordinates": [[13.75085, 63.078163], [13.756821, 63.072813]]}}, {"type": "Feature", "properties": {"objekttyp": "Lintrafik", "id": "5f4020f9-e690-4d28-baa9-67cc4de734e0"}, "geometry": {"type": "LineString", "coordinates": [[13.774575, 63.085321], [13.778434, 63.084862], [13.78943, 63.083552]]}}, {"type": "Feature", "properties": {"objekttyp": "Lintrafik", "id": "e836e037-2da9-48a1-bc18-1030bcb27c6c"}, "geometry": {"type": "LineString", "coordinates": [[13.771008, 63.086293], [13.773422, 63.085234]]}}, {"type": "Feature", "properties": {"objekttyp": "Lintrafik", "id": "d3a826af-1350-43db-8ee1-717e79050aa4"}, "geometry": {"type": "LineString", "coordinates": [[13.770484, 63.087225], [13.759277, 63.095685], [13.756944, 63.097446], [13.754016, 63.099645]]}}, {"type": "Feature", "properties": {"objekttyp": "Lintrafik", "id": "1a373254-28c8-4c5c-8fdd-c3f3309225c4"}, "geometry": {"type": "LineString", "coordinates": [[13.773777, 63.094094], [13.771247, 63.096384], [13.769547, 63.097875], [13.76828, 63.099072], [13.76656, 63.100593], [13.764774, 63.102286], [13.763607, 63.103315], [13.762681, 63.104177]]}}, {"type": "Feature", "properties": {"objekttyp": "Lintrafik", "id": "8928fb61-d6bb-4772-aae1-e233b5eb7882"}, "geometry": {"type": "LineString", "coordinates": [[13.752827, 63.107574], [13.77048, 63.105118]]}}, {"type": "Feature", "properties": {"objekttyp": "Lintrafik", "id": "b6a3b172-79f3-4235-b103-fac8477b6446"}, "geometry": {"type": "LineString", "coordinates": [[13.751839, 63.099139], [13.7524, 63.108247]]}}, {"type": "Feature", "properties": {"objekttyp": "Lintrafik", "id": "27b342ae-9fda-477e-a993-564ebeff29ac"}, "geometry": {"type": "LineString", "coordinates": [[18.331894, 63.071911], [18.340832, 63.074235], [18.349772, 63.07656]]}}, {"type": "Feature", "properties": {"objekttyp": "Lintrafik", "id": "c697ee69-7d5f-44d1-89ca-1a02fcd02775"}, "geometry": {"type": "LineString", "coordinates": [[13.797493, 63.108731], [13.794253, 63.112795]]}}, {"type": "Feature", "properties": {"objekttyp": "Lintrafik", "id": "a81c550c-ea9a-47fe-b4dd-29de0745e186"}, "geometry": {"type": "LineString", "coordinates": [[13.800311, 63.103396], [13.788943, 63.113139]]}}, {"type": "Feature", "properties": {"objekttyp": "Lintrafik", "id": "456f041b-b649-4c88-be2a-35d297c9ea2c"}, "geometry": {"type": "LineString", "coordinates": [[13.787157, 63.106766], [13.770767, 63.113661]]}}, {"type": "Feature", "properties": {"objekttyp": "Lintrafik", "id": "78e5f07f-c02e-4056-b810-0c00ed4790e3"}, "geometry": {"type": "LineString", "coordinates": [[16.31715, 63.115362], [16.31294, 63.114306], [16.310941, 63.113745], [16.310586, 63.113645], [16.308017, 63.112924], [16.304724, 63.111922]]}}, {"type": "Feature", "properties": {"objekttyp": "Lintrafik", "id": "a9a46b2f-c02e-44f3-988b-dbfaa02cf253"}, "geometry": {"type": "LineString", "coordinates": [[13.792609, 63.112185], [13.789505, 63.113273], [13.775719, 63.118106]]}}, {"type": "Feature", "properties": {"objekttyp": "Lintrafik", "id": "bd892301-103f-4c17-a512-a048407df011"}, "geometry": {"type": "LineString", "coordinates": [[15.596144, 63.173276], [15.595974, 63.173433], [15.595805, 63.173593], [15.594424, 63.174866], [15.594255, 63.175023], [15.592705, 63.176456]]}}, {"type": "Feature", "properties": {"objekttyp": "Lintrafik", "id": "436b1428-af69-481b-85dd-d1001a63d8c3"}, "geometry": {"type": "LineString", "coordinates": [[17.245143, 63.163297], [17.240028, 63.160605], [17.239481, 63.160317]]}}, {"type": "Feature", "properties": {"objekttyp": "Lintrafik", "id": "9c984aa5-ba38-4fdf-9549-46db464b1a80"}, "geometry": {"type": "LineString", "coordinates": [[17.248635, 63.164578], [17.246801, 63.163487]]}}, {"type": "Feature", "properties": {"objekttyp": "Lintrafik", "id": "b7b79ae3-ffa2-4228-a4f7-02e5f13b07be"}, "geometry": {"type": "LineString", "coordinates": [[12.96635, 63.150205], [12.966363, 63.150177], [12.963166, 63.155936]]}}, {"type": "Feature", "properties": {"objekttyp": "Lintrafik", "id": "6576dd1a-5837-4180-ba6d-b4802cfe0566"}, "geometry": {"type": "LineString", "coordinates": [[17.243429, 63.1579], [17.249885, 63.158419]]}}, {"type": "Feature", "properties": {"objekttyp": "Lintrafik", "id": "22d54e37-6223-4c99-a4f6-964ffe2c1f6a"}, "geometry": {"type": "LineString", "coordinates": [[17.231075, 63.156954], [17.237104, 63.159611]]}}, {"type": "Feature", "properties": {"objekttyp": "Lintrafik", "id": "54c7bb30-1a9d-4fbf-86b3-8bf32284b8c3"}, "geometry": {"type": "LineString", "coordinates": [[18.476772, 63.20711], [18.478599, 63.207341], [18.480946, 63.207637]]}}, {"type": "Feature", "properties": {"objekttyp": "Lintrafik", "id": "b515e7a1-b9f3-433a-ae29-4017abdb3640"}, "geometry": {"type": "LineString", "coordinates": [[18.470237, 63.206628], [18.472334, 63.207494], [18.474432, 63.20836], [18.475735, 63.208327], [18.480201, 63.208213]]}}, {"type": "Feature", "properties": {"objekttyp": "Lintrafik", "id": "b16a7a68-00cc-4958-8f73-94c433175dfc"}, "geometry": {"type": "LineString", "coordinates": [[13.158284, 63.264439], [13.163093, 63.263549], [13.184803, 63.259527]]}}, {"type": "Feature", "properties": {"objekttyp": "Lintrafik", "id": "46afd69a-acf9-413f-8df4-81546e1b7f78"}, "geometry": {"type": "LineString", "coordinates": [[13.1485, 63.267128], [13.148519, 63.267124], [13.148744, 63.267081], [13.149007, 63.267031], [13.149271, 63.26698], [13.149534, 63.26693], [13.149748, 63.266889], [13.150072, 63.266827], [13.150978, 63.266654], [13.151671, 63.266521], [13.152207, 63.266419], [13.153436, 63.266184], [13.153807, 63.266113], [13.154666, 63.265949], [13.155895, 63.265714], [13.155944, 63.265705], [13.156147, 63.265666], [13.157124, 63.265479], [13.15808, 63.265296], [13.158353, 63.265244], [13.158476, 63.26522], [13.158512, 63.265213], [13.158671, 63.265183], [13.15883, 63.265152], [13.158871, 63.265144], [13.15899, 63.265121], [13.159149, 63.26509], [13.159266, 63.265068], [13.159308, 63.26506], [13.159467, 63.265029], [13.159626, 63.264998], [13.159644, 63.264995]]}}, {"type": "Feature", "properties": {"objekttyp": "Lintrafik", "id": "55653f00-f4a7-47ff-9c93-06a000d27309"}, "geometry": {"type": "LineString", "coordinates": [[13.141271, 63.269167], [13.145459, 63.267682], [13.145707, 63.267599], [13.145956, 63.267515], [13.146104, 63.267465], [13.146204, 63.267431], [13.146452, 63.267348], [13.146701, 63.267264], [13.146748, 63.267248], [13.146949, 63.26718], [13.147197, 63.267097], [13.147391, 63.267031], [13.147446, 63.267013], [13.147694, 63.266929], [13.147942, 63.266846], [13.148035, 63.266815], [13.148081, 63.266799], [13.148127, 63.266783], [13.148191, 63.266762], [13.148272, 63.266735], [13.148439, 63.266678], [13.148563, 63.266637], [13.148687, 63.266595], [13.149482, 63.266382], [13.15189, 63.265611], [13.153244, 63.265178], [13.157763, 63.263672]]}}, {"type": "Feature", "properties": {"objekttyp": "Lintrafik", "id": "1c77482d-4b84-4322-805b-c1f89d05d37a"}, "geometry": {"type": "LineString", "coordinates": [[13.160402, 63.266622], [13.158188, 63.267065], [13.141747, 63.270356]]}}, {"type": "Feature", "properties": {"objekttyp": "Lintrafik", "id": "e80192a6-8a65-456f-a4e5-68eb06f4ad3d"}, "geometry": {"type": "LineString", "coordinates": [[13.161458, 63.267634], [13.144867, 63.271337]]}}, {"type": "Feature", "properties": {"objekttyp": "Lintrafik", "id": "ec670d0b-69e0-41a8-b56b-89d70841283c"}, "geometry": {"type": "LineString", "coordinates": [[13.162373, 63.268093], [13.145852, 63.272031]]}}, {"type": "Feature", "properties": {"objekttyp": "Lintrafik", "id": "d537b9ce-44a0-454d-aebf-119d2e092553"}, "geometry": {"type": "LineString", "coordinates": [[14.781181, 63.304734], [14.783034, 63.307014], [14.783064, 63.307051], [14.784887, 63.309294], [14.784916, 63.309331], [14.784947, 63.309368]]}}, {"type": "Feature", "properties": {"objekttyp": "Lintrafik", "id": "53c4c458-da7e-482c-9142-c21e8b4021c2"}, "geometry": {"type": "LineString", "coordinates": [[13.085924, 63.3157], [13.086328, 63.313596]]}}, {"type": "Feature", "properties": {"objekttyp": "Lintrafik", "id": "55d9c010-b05c-4c35-8183-943bd242feeb"}, "geometry": {"type": "LineString", "coordinates": [[13.069171, 63.318877], [13.068539, 63.315747]]}}, {"type": "Feature", "properties": {"objekttyp": "Lintrafik", "id": "21e7918e-a823-4cc9-a97f-8657164922ca"}, "geometry": {"type": "LineString", "coordinates": [[18.70357, 63.29038], [18.701374, 63.290011], [18.699216, 63.289669], [18.696033, 63.289159], [18.695355, 63.28905]]}}, {"type": "Feature", "properties": {"objekttyp": "Lintrafik", "id": "caa4f7b3-7d1d-4ba3-aaf7-842af03ea412"}, "geometry": {"type": "LineString", "coordinates": [[18.689805, 63.295148], [18.689148, 63.292221], [18.689137, 63.292189], [18.688967, 63.291728]]}}, {"type": "Feature", "properties": {"objekttyp": "Lintrafik", "id": "044ad914-80da-4d90-b9d9-6b4f33dc701a"}, "geometry": {"type": "LineString", "coordinates": [[12.089529, 63.321303], [12.089549, 63.324214], [12.089571, 63.327318]]}}, {"type": "Feature", "properties": {"objekttyp": "Lintrafik", "id": "439503fe-6dd3-42e1-9f1e-3b5e657e5848"}, "geometry": {"type": "LineString", "coordinates": [[12.084661, 63.322041], [12.085133, 63.324123], [12.085971, 63.327821]]}}, {"type": "Feature", "properties": {"objekttyp": "Lintrafik", "id": "065d963c-b2cb-4b9b-82e5-71f5e3c838b2"}, "geometry": {"type": "LineString", "coordinates": [[12.079787, 63.328088], [12.078669, 63.323991], [12.078418, 63.323071]]}}, {"type": "Feature", "properties": {"objekttyp": "Lintrafik", "id": "67e3f556-087e-4829-9462-ba32a406fbe2"}, "geometry": {"type": "LineString", "coordinates": [[12.106469, 63.317524], [12.106432, 63.317566], [12.106415, 63.317586], [12.106342, 63.317669], [12.106287, 63.317734], [12.106253, 63.317773], [12.106163, 63.317876], [12.106073, 63.31798], [12.10603, 63.318029], [12.105983, 63.318083], [12.105893, 63.318186], [12.105804, 63.31829], [12.105774, 63.318324], [12.105714, 63.318393], [12.105646, 63.318472], [12.105624, 63.318497], [12.105534, 63.3186], [12.105517, 63.31862], [12.105445, 63.318704], [12.105389, 63.318767], [12.105355, 63.318807], [12.105313, 63.318855], [12.105265, 63.31891], [12.105237, 63.318942], [12.105199, 63.318986], [12.105175, 63.319014], [12.105161, 63.31903], [12.105123, 63.319074], [12.105085, 63.319117], [12.100345, 63.324433], [12.095376, 63.330004]]}}, {"type": "Feature", "properties": {"objekttyp": "Lintrafik", "id": "843bddd2-da3d-42ba-8867-f69c617ba1bd"}, "geometry": {"type": "LineString", "coordinates": [[12.086664, 63.331189], [12.085991, 63.327979]]}}, {"type": "Feature", "properties": {"objekttyp": "Lintrafik", "id": "eaee9f8d-8255-4afb-b9ee-4bfd8a1627fa"}, "geometry": {"type": "LineString", "coordinates": [[13.05085, 63.347792], [13.066017, 63.342835]]}}, {"type": "Feature", "properties": {"objekttyp": "Lintrafik", "id": "2bba3519-ba59-46c4-a74f-8af7670ef065"}, "geometry": {"type": "LineString", "coordinates": [[13.171269, 63.384999], [13.179771, 63.384253]]}}, {"type": "Feature", "properties": {"objekttyp": "Lintrafik", "id": "e2fa9b7a-1354-4248-8ef9-4473981745e3"}, "geometry": {"type": "LineString", "coordinates": [[13.153587, 63.389294], [13.176637, 63.388109]]}}, {"type": "Feature", "properties": {"objekttyp": "Lintrafik", "id": "aa0ad1a5-6024-415a-8415-de4bd8eeeca8"}, "geometry": {"type": "LineString", "coordinates": [[13.153553, 63.38931], [13.157088, 63.389923]]}}, {"type": "Feature", "properties": {"objekttyp": "Lintrafik", "id": "88039708-a80d-402f-9119-d405af2dbda3"}, "geometry": {"type": "LineString", "coordinates": [[13.154469, 63.390539], [13.152987, 63.389967], [13.150146, 63.38887]]}}, {"type": "Feature", "properties": {"objekttyp": "Lintrafik", "id": "e8575bc9-a989-44fc-8255-f0971356e200"}, "geometry": {"type": "LineString", "coordinates": [[13.145082, 63.38574], [13.144861, 63.38716], [13.144281, 63.390922]]}}, {"type": "Feature", "properties": {"objekttyp": "Lintrafik", "id": "375e7d6b-af0d-414d-bcc6-60568b58295e"}, "geometry": {"type": "LineString", "coordinates": [[13.152353, 63.390001], [13.151729, 63.390433], [13.144954, 63.390981]]}}, {"type": "Feature", "properties": {"objekttyp": "Lintrafik", "id": "913d2ec4-3b6c-4d79-9c3c-78b1a0170de9"}, "geometry": {"type": "LineString", "coordinates": [[13.125886, 63.392415], [13.144486, 63.391126]]}}, {"type": "Feature", "properties": {"objekttyp": "Lintrafik", "id": "4cc33340-7478-4ce1-85fc-70c1315993e8"}, "geometry": {"type": "LineString", "coordinates": [[13.12421, 63.390839], [13.114279, 63.396258]]}}, {"type": "Feature", "properties": {"objekttyp": "Lintrafik", "id": "65b54268-549e-4f8e-9953-ea77f54cca94"}, "geometry": {"type": "LineString", "coordinates": [[12.917862, 63.394754], [12.917885, 63.397324]]}}, {"type": "Feature", "properties": {"objekttyp": "Lintrafik", "id": "c08e34b3-99f5-46a0-9a5b-932f935c1da8"}, "geometry": {"type": "LineString", "coordinates": [[13.125368, 63.396787], [13.115698, 63.403328]]}}, {"type": "Feature", "properties": {"objekttyp": "Lintrafik", "id": "cd34d69a-0dfc-438e-8169-638f3bc430ed"}, "geometry": {"type": "LineString", "coordinates": [[12.960896, 63.397736], [12.952265, 63.399697], [12.940199, 63.402437]]}}, {"type": "Feature", "properties": {"objekttyp": "Lintrafik", "id": "5f9f1d01-2091-4657-9cb8-c1feb457e7ad"}, "geometry": {"type": "LineString", "coordinates": [[13.124395, 63.39097], [13.114649, 63.403017], [13.112869, 63.405215]]}}, {"type": "Feature", "properties": {"objekttyp": "Lintrafik", "id": "c3cc5f37-84cc-446a-a63e-1759ba707175"}, "geometry": {"type": "LineString", "coordinates": [[13.07917, 63.401338], [13.079743, 63.40153], [13.08014, 63.401659], [13.080652, 63.401838], [13.08131, 63.402049], [13.081841, 63.40223], [13.08243, 63.402431], [13.082918, 63.40259], [13.083414, 63.402764], [13.083898, 63.402927], [13.084431, 63.403102], [13.084907, 63.403271], [13.085614, 63.403505], [13.086172, 63.40369], [13.086723, 63.403878], [13.087147, 63.40402], [13.087544, 63.404156], [13.087857, 63.404294], [13.088238, 63.404453], [13.088595, 63.404622], [13.088949, 63.404813], [13.089362, 63.405047], [13.089832, 63.405316], [13.090209, 63.405531], [13.090326, 63.405595]]}}, {"type": "Feature", "properties": {"objekttyp": "Lintrafik", "id": "2812a3b0-e9ab-41a7-950a-11c0595d4507"}, "geometry": {"type": "LineString", "coordinates": [[12.941607, 63.403542], [12.930603, 63.396348]]}}, {"type": "Feature", "properties": {"objekttyp": "Lintrafik", "id": "ae28a9cb-d105-4333-98fb-bf8e9159a2be"}, "geometry": {"type": "LineString", "coordinates": [[12.926818, 63.405326], [12.923086, 63.399371], [12.922952, 63.39923], [12.919235, 63.396969]]}}, {"type": "Feature", "properties": {"objekttyp": "Lintrafik", "id": "f8f584a3-710d-4d29-919e-83d161fd1056"}, "geometry": {"type": "LineString", "coordinates": [[13.087756, 63.401666], [13.097972, 63.4041], [13.1028, 63.40525], [13.114198, 63.407964]]}}, {"type": "Feature", "properties": {"objekttyp": "Lintrafik", "id": "620c0749-7956-4c98-8360-903240e84753"}, "geometry": {"type": "LineString", "coordinates": [[13.093491, 63.405755], [13.097812, 63.406545], [13.112037, 63.409142]]}}, {"type": "Feature", "properties": {"objekttyp": "Lintrafik", "id": "3057c051-d937-45ef-970c-f32525d64be9"}, "geometry": {"type": "LineString", "coordinates": [[13.076714, 63.403194], [13.079125, 63.409545]]}}, {"type": "Feature", "properties": {"objekttyp": "Lintrafik", "id": "8fd87fe5-77ef-470c-852c-12b940023cf1"}, "geometry": {"type": "LineString", "coordinates": [[13.088133, 63.410291], [13.076966, 63.403107]]}}, {"type": "Feature", "properties": {"objekttyp": "Lintrafik", "id": "192ebfc7-c034-4cfa-b778-9f8c23a20fee"}, "geometry": {"type": "LineString", "coordinates": [[13.093173, 63.408866], [13.088133, 63.410291]]}}, {"type": "Feature", "properties": {"objekttyp": "Lintrafik", "id": "12f80120-705a-4544-bfb8-8eaad7672cdc"}, "geometry": {"type": "LineString", "coordinates": [[13.089523, 63.411186], [13.088133, 63.410291]]}}, {"type": "Feature", "properties": {"objekttyp": "Lintrafik", "id": "983b1e6d-3a6b-406e-adde-cf755c7537d9"}, "geometry": {"type": "LineString", "coordinates": [[12.933794, 63.409783], [12.930688, 63.40565], [12.924237, 63.39706]]}}, {"type": "Feature", "properties": {"objekttyp": "Lintrafik", "id": "2f87eb46-7ff3-4022-96a0-491631202142"}, "geometry": {"type": "LineString", "coordinates": [[13.088133, 63.410291], [13.082599, 63.411857]]}}, {"type": "Feature", "properties": {"objekttyp": "Lintrafik", "id": "9f7ace90-6a43-4f8d-a1f4-a6eab4a84815"}, "geometry": {"type": "LineString", "coordinates": [[12.969983, 63.411025], [12.973204, 63.406259], [12.976399, 63.40153]]}}, {"type": "Feature", "properties": {"objekttyp": "Lintrafik", "id": "ff438363-6582-4fd4-a3f4-7f11f79f6fc6"}, "geometry": {"type": "LineString", "coordinates": [[12.96158, 63.397839], [12.9647, 63.404003], [12.965788, 63.406153], [12.96862, 63.411745]]}}, {"type": "Feature", "properties": {"objekttyp": "Lintrafik", "id": "049f2262-d437-43b1-92a6-06eedb43c2b8"}, "geometry": {"type": "LineString", "coordinates": [[13.059044, 63.404057], [13.063524, 63.415976], [13.063762, 63.41661]]}}, {"type": "Feature", "properties": {"objekttyp": "Lintrafik", "id": "99695cf2-c8d0-4501-98cf-4fab9ef902db"}, "geometry": {"type": "LineString", "coordinates": [[12.986275, 63.410361], [12.970759, 63.416933]]}}, {"type": "Feature", "properties": {"objekttyp": "Lintrafik", "id": "9e45830c-9d07-4076-a632-6dde428b03f9"}, "geometry": {"type": "LineString", "coordinates": [[13.049759, 63.410433], [13.048952, 63.412683], [13.047013, 63.418087]]}}, {"type": "Feature", "properties": {"objekttyp": "Lintrafik", "id": "14bae809-d4ba-4850-bc67-9e0e1e7656d8"}, "geometry": {"type": "LineString", "coordinates": [[13.036913, 63.420068], [13.036919, 63.420033], [13.036927, 63.419918], [13.036936, 63.419802], [13.036973, 63.419588], [13.03701, 63.419373], [13.037048, 63.419159], [13.037085, 63.418945], [13.037122, 63.418731], [13.037159, 63.418517], [13.037196, 63.418303], [13.037233, 63.418089], [13.037271, 63.417874], [13.037308, 63.41766], [13.037345, 63.417446], [13.037382, 63.417232], [13.037419, 63.417018], [13.037456, 63.416804], [13.037493, 63.41659], [13.037531, 63.416375], [13.037541, 63.416312], [13.037551, 63.416249]]}}, {"type": "Feature", "properties": {"objekttyp": "Lintrafik", "id": "e020a5fc-5bd3-445e-bacc-dc229f78309f"}, "geometry": {"type": "LineString", "coordinates": [[13.043276, 63.426531], [13.042971, 63.425838], [13.042663, 63.42514], [13.042356, 63.424443], [13.042049, 63.423746], [13.041742, 63.423048], [13.041434, 63.422351], [13.041127, 63.421654], [13.04082, 63.420956], [13.040513, 63.420259], [13.040205, 63.419562], [13.039898, 63.418864], [13.039595, 63.418176], [13.039288, 63.41748], [13.038982, 63.416784], [13.038822, 63.416421], [13.038764, 63.416289], [13.038675, 63.416088], [13.038369, 63.415392], [13.038365, 63.415385]]}}, {"type": "Feature", "properties": {"objekttyp": "Lintrafik", "id": "5765839a-78a8-4a74-9db1-fe111f5ce5b9"}, "geometry": {"type": "LineString", "coordinates": [[13.076356, 63.40313], [13.079212, 63.427869]]}}, {"type": "Feature", "properties": {"objekttyp": "Lintrafik", "id": "eed08305-3cef-4dba-baa0-324165265b65"}, "geometry": {"type": "LineString", "coordinates": [[13.062377, 63.416272], [13.077419, 63.42791], [13.078208, 63.42852]]}}, {"type": "Feature", "properties": {"objekttyp": "Lintrafik", "id": "85c73ef2-752d-4a64-860d-fe1307730abc"}, "geometry": {"type": "LineString", "coordinates": [[13.068221, 63.429974], [13.077178, 63.42813]]}}, {"type": "Feature", "properties": {"objekttyp": "Lintrafik", "id": "1ba7cc42-aa8c-46ae-927d-6127a42c832c"}, "geometry": {"type": "LineString", "coordinates": [[13.016569, 63.431017], [13.017665, 63.430985], [13.018758, 63.430954], [13.019852, 63.430923], [13.020945, 63.430892], [13.022039, 63.430861], [13.023132, 63.43083], [13.024226, 63.430799], [13.025319, 63.430768], [13.026413, 63.430737], [13.027506, 63.430706], [13.0286, 63.430675], [13.029693, 63.430643], [13.030786, 63.430612], [13.03188, 63.430581], [13.03291, 63.430552], [13.032973, 63.43055], [13.034067, 63.430519], [13.040921, 63.430297]]}}, {"type": "Feature", "properties": {"objekttyp": "Lintrafik", "id": "655834a2-95b1-422a-a02f-f1035bafa281"}, "geometry": {"type": "LineString", "coordinates": [[13.043884, 63.435951], [13.05372, 63.433186]]}}, {"type": "Feature", "properties": {"objekttyp": "Lintrafik", "id": "06010bc9-069c-429c-99ba-5e9940bae9ad"}, "geometry": {"type": "LineString", "coordinates": [[13.063746, 63.436765], [13.063767, 63.436724], [13.063979, 63.436318], [13.064019, 63.436243], [13.064234, 63.435831], [13.06427, 63.435761], [13.064489, 63.435343], [13.064522, 63.43528], [13.064743, 63.434855], [13.064773, 63.434799], [13.064998, 63.434368], [13.065024, 63.434317], [13.065252, 63.43388], [13.065276, 63.433836], [13.065507, 63.433392], [13.065527, 63.433354], [13.065762, 63.432905], [13.065778, 63.432873], [13.066016, 63.432417], [13.06603, 63.432391], [13.066271, 63.431929], [13.066281, 63.43191], [13.066525, 63.431442], [13.066532, 63.431428], [13.066749, 63.431014], [13.06678, 63.430954], [13.067034, 63.430466], [13.067289, 63.429979], [13.067537, 63.429503], [13.067788, 63.429021], [13.067793, 63.429012]]}}, {"type": "Feature", "properties": {"objekttyp": "Lintrafik", "id": "025c6eef-3444-4716-b746-847947ec98a5"}, "geometry": {"type": "LineString", "coordinates": [[16.920935, 63.445443], [16.923022, 63.444517], [16.925108, 63.443592]]}}, {"type": "Feature", "properties": {"objekttyp": "Lintrafik", "id": "332e7eb6-54d4-429f-8ff2-0189c26e0ab7"}, "geometry": {"type": "LineString", "coordinates": [[13.192772, 63.483994], [13.19306, 63.48416], [13.195217, 63.485405], [13.195312, 63.485459], [13.195463, 63.485546], [13.195611, 63.48563], [13.197867, 63.486924]]}}, {"type": "Feature", "properties": {"objekttyp": "Lintrafik", "id": "df5e871d-c00f-415b-a447-200988f43cdb"}, "geometry": {"type": "LineString", "coordinates": [[13.121724, 63.487912], [13.121709, 63.487897], [13.121581, 63.487771], [13.121502, 63.487693], [13.121454, 63.487645], [13.121327, 63.487518], [13.121266, 63.487458], [13.121199, 63.487392], [13.121072, 63.487265], [13.121029, 63.487223], [13.120945, 63.487139], [13.120817, 63.487013], [13.120792, 63.486988], [13.12069, 63.486886], [13.120563, 63.48676], [13.120435, 63.486634], [13.120308, 63.486507], [13.120181, 63.486381], [13.120082, 63.486283], [13.120053, 63.486255], [13.119926, 63.486128], [13.119846, 63.486048], [13.119824, 63.486027], [13.119802, 63.486005], [13.11978, 63.485983], [13.119758, 63.485962], [13.119737, 63.48594], [13.119715, 63.485919], [13.119693, 63.485897], [13.119671, 63.485875], [13.118048, 63.484354], [13.117818, 63.484137], [13.115222, 63.481707], [13.113698, 63.48036]]}}, {"type": "Feature", "properties": {"objekttyp": "Lintrafik", "id": "81b95721-6dab-4c6a-808a-f9258aa1cf87"}, "geometry": {"type": "LineString", "coordinates": [[15.376035, 63.513834], [15.379337, 63.513858], [15.382639, 63.513882]]}}, {"type": "Feature", "properties": {"objekttyp": "Lintrafik", "id": "1fef216b-7591-47f0-90a2-2daa690297fb"}, "geometry": {"type": "LineString", "coordinates": [[14.054676, 63.511863], [14.050788, 63.508278], [14.0469, 63.504692]]}}, {"type": "Feature", "properties": {"objekttyp": "Lintrafik", "id": "d4fbc725-5239-4f37-bfc2-2afd29678445"}, "geometry": {"type": "LineString", "coordinates": [[16.438482, 63.526811], [16.442901, 63.527352], [16.447319, 63.527892]]}}, {"type": "Feature", "properties": {"objekttyp": "Lintrafik", "id": "577ecfc5-d7a9-457c-bb2c-8f61d59bcba8"}, "geometry": {"type": "LineString", "coordinates": [[14.91828, 63.571672], [14.919919, 63.571286], [14.921558, 63.570901]]}}, {"type": "Feature", "properties": {"objekttyp": "Lintrafik", "id": "6a8e6c5c-7311-4b86-9784-a424279e93fe"}, "geometry": {"type": "LineString", "coordinates": [[19.297755, 63.639941], [19.296914, 63.639843], [19.29582, 63.639703], [19.293644, 63.639392], [19.291789, 63.639148], [19.290877, 63.639024], [19.290818, 63.639016], [19.289507, 63.638837], [19.286788, 63.63847], [19.285296, 63.638274], [19.283997, 63.638086]]}}, {"type": "Feature", "properties": {"objekttyp": "Lintrafik", "id": "0b151dfa-1332-4417-bb74-ded7f6214af0"}, "geometry": {"type": "LineString", "coordinates": [[16.853417, 63.706392], [16.851029, 63.706117], [16.849938, 63.705988], [16.849843, 63.705977], [16.848316, 63.705797], [16.846271, 63.705586]]}}, {"type": "Feature", "properties": {"objekttyp": "Lintrafik", "id": "6ea9b0ee-ad14-4aef-bad8-4ff56294c97c"}, "geometry": {"type": "LineString", "coordinates": [[12.965112, 63.749979], [12.965592, 63.750915], [12.966071, 63.751851]]}}, {"type": "Feature", "properties": {"objekttyp": "Lintrafik", "id": "87ed3bb8-00be-496a-9a28-1c0953106360"}, "geometry": {"type": "LineString", "coordinates": [[14.030625, 63.778754], [14.019039, 63.779078], [14.008173, 63.779368], [14.003614, 63.77949], [14.002465, 63.77952]]}}, {"type": "Feature", "properties": {"objekttyp": "Lintrafik", "id": "65d15c58-a4d6-4e25-8f3a-19ebdbb81d7f"}, "geometry": {"type": "LineString", "coordinates": [[20.3803, 63.719856], [20.379585, 63.71911], [20.378871, 63.718363]]}}, {"type": "Feature", "properties": {"objekttyp": "Lintrafik", "id": "2a8bf231-441d-4a7b-b5d6-7e7a579a3b83"}, "geometry": {"type": "LineString", "coordinates": [[17.627676, 63.794764], [17.631212, 63.797509], [17.632502, 63.79851], [17.633086, 63.798973], [17.633182, 63.799049], [17.636914, 63.802004], [17.638003, 63.80289], [17.638512, 63.803336]]}}, {"type": "Feature", "properties": {"objekttyp": "Lintrafik", "id": "285291d6-e42c-4365-bcb0-b3e45b42a66a"}, "geometry": {"type": "LineString", "coordinates": [[19.631567, 63.769502], [19.632201, 63.768637], [19.632228, 63.768599], [19.632233, 63.768593], [19.632823, 63.767699]]}}, {"type": "Feature", "properties": {"objekttyp": "Lintrafik", "id": "f0d1c53d-badb-429c-827c-a543347ecd8b"}, "geometry": {"type": "LineString", "coordinates": [[16.353004, 63.845051], [16.352228, 63.843336], [16.351454, 63.841626], [16.351452, 63.84162], [16.350678, 63.839911], [16.349905, 63.838202]]}}, {"type": "Feature", "properties": {"objekttyp": "Lintrafik", "id": "01037890-69b6-44c7-829a-0db22bca45a3"}, "geometry": {"type": "LineString", "coordinates": [[15.593323, 63.851185], [15.592875, 63.850827], [15.592372, 63.850454], [15.591843, 63.850069], [15.591837, 63.850064], [15.591511, 63.849826], [15.590801, 63.849291], [15.590364, 63.848943]]}}, {"type": "Feature", "properties": {"objekttyp": "Lintrafik", "id": "5bf95d9c-618c-4de0-8e0a-a9375df5af58"}, "geometry": {"type": "LineString", "coordinates": [[13.964706, 63.852612], [13.968782, 63.851599]]}}, {"type": "Feature", "properties": {"objekttyp": "Lintrafik", "id": "87802a0d-938f-4fd1-b6dc-c65a25f22ae0"}, "geometry": {"type": "LineString", "coordinates": [[13.966425, 63.851192], [13.966363, 63.851162], [13.964688, 63.852038], [13.964259, 63.852262], [13.963447, 63.852687], [13.96053, 63.854211]]}}, {"type": "Feature", "properties": {"objekttyp": "Lintrafik", "id": "b83c051b-6d54-4293-a784-5f3300bbfbd9"}, "geometry": {"type": "LineString", "coordinates": [[14.605806, 63.86723], [14.605448, 63.868024], [14.605278, 63.868402], [14.605277, 63.868404], [14.60475, 63.869578]]}}, {"type": "Feature", "properties": {"objekttyp": "Lintrafik", "id": "729fd21b-2e75-475e-890c-311f1945f519"}, "geometry": {"type": "LineString", "coordinates": [[19.256196, 63.837384], [19.258269, 63.838533], [19.258589, 63.838711]]}}, {"type": "Feature", "properties": {"objekttyp": "Lintrafik", "id": "5624f060-3c46-4d07-98b0-6e47f2343caf"}, "geometry": {"type": "LineString", "coordinates": [[19.254579, 63.83821], [19.256796, 63.839317], [19.258086, 63.839969], [19.25852, 63.840183], [19.258897, 63.840368], [19.259728, 63.840788], [19.260557, 63.841206], [19.260817, 63.841333], [19.263853, 63.84276], [19.264918, 63.843416]]}}, {"type": "Feature", "properties": {"objekttyp": "Lintrafik", "id": "5aa9966f-d4e5-44f4-b1ba-9dcff82a51bf"}, "geometry": {"type": "LineString", "coordinates": [[19.254175, 63.838738], [19.253855, 63.840735], [19.253819, 63.840964], [19.253541, 63.842743], [19.253256, 63.844484]]}}, {"type": "Feature", "properties": {"objekttyp": "Lintrafik", "id": "0f3381e0-3f7c-4360-b15e-bb5ddae020a5"}, "geometry": {"type": "LineString", "coordinates": [[20.30668, 63.840024], [20.308712, 63.839931], [20.310999, 63.839827]]}}, {"type": "Feature", "properties": {"objekttyp": "Lintrafik", "id": "8d8b5972-12dd-4eca-8d23-5708695f3943"}, "geometry": {"type": "LineString", "coordinates": [[20.311107, 63.840619], [20.311097, 63.840618], [20.310808, 63.840596], [20.310519, 63.840574], [20.31023, 63.840552], [20.309941, 63.84053], [20.309652, 63.840508], [20.309364, 63.840486], [20.309075, 63.840464], [20.308943, 63.840454], [20.308818, 63.840444], [20.308786, 63.840442], [20.308497, 63.84042], [20.308209, 63.840397], [20.30792, 63.840375], [20.307631, 63.840353], [20.307343, 63.840331], [20.307054, 63.840309], [20.30678, 63.840287], [20.30647, 63.840266]]}}, {"type": "Feature", "properties": {"objekttyp": "Lintrafik", "id": "cbdb58f7-1206-41b6-99a4-0125bb420b0e"}, "geometry": {"type": "LineString", "coordinates": [[19.795035, 63.91031], [19.795051, 63.910302], [19.795669, 63.909989], [19.795712, 63.909967], [19.796319, 63.909659], [19.796373, 63.909632], [19.796969, 63.909329], [19.797034, 63.909297], [19.797619, 63.908999], [19.797695, 63.908961], [19.79827, 63.90867], [19.798355, 63.908626], [19.79892, 63.90834], [19.799016, 63.908291], [19.799472, 63.90806], [19.799564, 63.908013], [19.79957, 63.90801], [19.799677, 63.907955], [19.80022, 63.90768], [19.800337, 63.90762], [19.800425, 63.907575], [19.800481, 63.907547], [19.80063, 63.907471], [19.800766, 63.907401], [19.800835, 63.907366], [19.800909, 63.907328], [19.80104, 63.907262], [19.801196, 63.907182], [19.801245, 63.907157], [19.801339, 63.90711], [19.80145, 63.907053], [19.801482, 63.907037], [19.801893, 63.906856], [19.804106, 63.905802]]}}, {"type": "Feature", "properties": {"objekttyp": "Lintrafik", "id": "78e91456-dd26-493c-a451-b6a6fda2921b"}, "geometry": {"type": "LineString", "coordinates": [[20.020251, 63.929485], [20.021803, 63.929014], [20.024928, 63.92808], [20.025737, 63.927838], [20.025805, 63.927818], [20.027986, 63.927167], [20.030006, 63.926565], [20.031226, 63.926214]]}}, {"type": "Feature", "properties": {"objekttyp": "Lintrafik", "id": "5e4881c2-0b46-4ca9-8bed-15db65e53bfd"}, "geometry": {"type": "LineString", "coordinates": [[20.03132, 63.927056], [20.030483, 63.927272], [20.028482, 63.927841], [20.027983, 63.927974], [20.026036, 63.928495], [20.025864, 63.928542], [20.023176, 63.929282], [20.021117, 63.929859]]}}, {"type": "Feature", "properties": {"objekttyp": "Lintrafik", "id": "ba376b4a-76bb-4047-8e07-19666e2352e4"}, "geometry": {"type": "LineString", "coordinates": [[17.414945, 64.162786], [17.414266, 64.162448], [17.412285, 64.161453], [17.412282, 64.161451], [17.409625, 64.160116]]}}, {"type": "Feature", "properties": {"objekttyp": "Lintrafik", "id": "dffcd534-58d6-40e5-82f5-459640339ee7"}, "geometry": {"type": "LineString", "coordinates": [[16.409901, 64.271076], [16.412969, 64.269788], [16.416037, 64.268501]]}}, {"type": "Feature", "properties": {"objekttyp": "Lintrafik", "id": "eb9aedd4-4e71-43fa-9e9f-9c528540d3cc"}, "geometry": {"type": "LineString", "coordinates": [[19.646356, 64.224731], [19.645933, 64.224944], [19.650566, 64.225518]]}}, {"type": "Feature", "properties": {"objekttyp": "Lintrafik", "id": "1e386cd6-62b3-4b8c-80f1-47c287dd6a81"}, "geometry": {"type": "LineString", "coordinates": [[19.645933, 64.224944], [19.645789, 64.225017], [19.645642, 64.225091], [19.6432, 64.226302], [19.641415, 64.22719], [19.640498, 64.227646], [19.63972, 64.228043]]}}, {"type": "Feature", "properties": {"objekttyp": "Lintrafik", "id": "77048c8d-280f-43b5-aa99-af48890a9e95"}, "geometry": {"type": "LineString", "coordinates": [[19.65244, 64.22547], [19.65129, 64.226089], [19.649887, 64.22692], [19.64645, 64.228955], [19.645779, 64.229353]]}}, {"type": "Feature", "properties": {"objekttyp": "Lintrafik", "id": "53944779-d08b-4b08-a5c4-02d3dc254302"}, "geometry": {"type": "LineString", "coordinates": [[20.527712, 64.354776], [20.52405, 64.352825]]}}, {"type": "Feature", "properties": {"objekttyp": "Lintrafik", "id": "03ff34f3-d323-43b8-a276-a8e3ee4c2a59"}, "geometry": {"type": "LineString", "coordinates": [[20.518845, 64.356666], [20.522715, 64.356132], [20.525595, 64.355734], [20.526214, 64.355561], [20.526833, 64.355475]]}}, {"type": "Feature", "properties": {"objekttyp": "Lintrafik", "id": "6a669d0c-56db-43fd-b9b7-051b0ac11a35"}, "geometry": {"type": "LineString", "coordinates": [[20.527655, 64.355815], [20.522864, 64.356874], [20.517818, 64.357991]]}}, {"type": "Feature", "properties": {"objekttyp": "Lintrafik", "id": "aa52cf1c-275a-460a-90a3-6ff564e03523"}, "geometry": {"type": "LineString", "coordinates": [[14.221565, 64.505372], [14.221374, 64.50924], [14.221253, 64.511677]]}}, {"type": "Feature", "properties": {"objekttyp": "Lintrafik", "id": "f0c1db8b-83d2-4b0c-8f08-019a71c7382c"}, "geometry": {"type": "LineString", "coordinates": [[18.84375, 64.524493], [18.849113, 64.524719], [18.854557, 64.524949]]}}, {"type": "Feature", "properties": {"objekttyp": "Lintrafik", "id": "dbb383e6-b199-4acb-8b5b-4594a83beaf9"}, "geometry": {"type": "LineString", "coordinates": [[18.843702, 64.52472], [18.848097, 64.525831], [18.849313, 64.526138], [18.853302, 64.527146]]}}, {"type": "Feature", "properties": {"objekttyp": "Lintrafik", "id": "424402d4-d078-4f0b-9e9f-051551b5b90f"}, "geometry": {"type": "LineString", "coordinates": [[20.641541, 64.502196], [20.637091, 64.50241], [20.63264, 64.502624]]}}, {"type": "Feature", "properties": {"objekttyp": "Lintrafik", "id": "049253ff-1fa7-4214-95dd-6990ec5e4205"}, "geometry": {"type": "LineString", "coordinates": [[16.721522, 64.627253], [16.717711, 64.626705], [16.7139, 64.626158]]}}, {"type": "Feature", "properties": {"objekttyp": "Lintrafik", "id": "b0358e51-f01c-4fe3-a5b7-20b9aa2f22dd"}, "geometry": {"type": "LineString", "coordinates": [[15.054716, 64.83638], [15.067566, 64.835268], [15.069239, 64.83513]]}}, {"type": "Feature", "properties": {"objekttyp": "Lintrafik", "id": "ba538d1e-02f0-4a66-ad80-4980bb15ebbe"}, "geometry": {"type": "LineString", "coordinates": [[20.782986, 64.721172], [20.783976, 64.72165], [20.784963, 64.722128], [20.785365, 64.722323], [20.787156, 64.723191], [20.787187, 64.723206], [20.787734, 64.723454], [20.787766, 64.724317]]}}, {"type": "Feature", "properties": {"objekttyp": "Lintrafik", "id": "1d1f8a5c-2bf8-48e1-a91e-dea8ffd77e23"}, "geometry": {"type": "LineString", "coordinates": [[15.039867, 64.842982], [15.032326, 64.839012], [15.028979, 64.837249], [15.024747, 64.83504], [15.023447, 64.834361]]}}, {"type": "Feature", "properties": {"objekttyp": "Lintrafik", "id": "d1421c58-73d9-4b5d-9752-960cdb3003d7"}, "geometry": {"type": "LineString", "coordinates": [[14.093226, 64.838791], [14.094363, 64.843383]]}}, {"type": "Feature", "properties": {"objekttyp": "Lintrafik", "id": "891c9afb-d89a-43e4-8b99-260d76877f94"}, "geometry": {"type": "LineString", "coordinates": [[14.11801, 64.85051], [14.117058, 64.850112], [14.116319, 64.849798], [14.110133, 64.847164], [14.100633, 64.843117], [14.09396, 64.840698]]}}, {"type": "Feature", "properties": {"objekttyp": "Lintrafik", "id": "fb5ae53c-4db0-446a-a49b-4a60361d8584"}, "geometry": {"type": "LineString", "coordinates": [[14.117817, 64.851008], [14.118408, 64.851133], [14.139598, 64.855607]]}}, {"type": "Feature", "properties": {"objekttyp": "Lintrafik", "id": "0aec45c3-9316-440b-a91c-c90ae876c24e"}, "geometry": {"type": "LineString", "coordinates": [[18.788829, 64.83531], [18.790479, 64.836058], [18.792129, 64.836805]]}}, {"type": "Feature", "properties": {"objekttyp": "Lintrafik", "id": "5f32e8a4-0917-418f-9005-5066c266c304"}, "geometry": {"type": "LineString", "coordinates": [[20.977171, 64.768214], [20.977165, 64.7682], [20.977159, 64.768186], [20.977154, 64.768172], [20.977148, 64.768158], [20.977005, 64.767815], [20.976892, 64.767545], [20.976862, 64.767472], [20.976719, 64.767128], [20.976637, 64.766932], [20.976576, 64.766785], [20.976432, 64.766442], [20.976381, 64.766319], [20.976289, 64.766099], [20.976146, 64.765755], [20.976139, 64.765737], [20.976126, 64.765706], [20.976105, 64.765657], [20.976003, 64.765412], [20.975887, 64.765143], [20.975866, 64.765094], [20.975771, 64.764875], [20.975656, 64.764606], [20.975602, 64.764482], [20.97554, 64.764337], [20.975424, 64.764069], [20.975338, 64.763869], [20.975308, 64.7638], [20.975192, 64.763532], [20.975075, 64.76326]]}}, {"type": "Feature", "properties": {"objekttyp": "Lintrafik", "id": "49ba8fb7-d2ec-4aaa-a8a3-3f4ffa59e0d8"}, "geometry": {"type": "LineString", "coordinates": [[19.461119, 64.866426], [19.461093, 64.864517], [19.461066, 64.862608]]}}, {"type": "Feature", "properties": {"objekttyp": "Lintrafik", "id": "8c26982e-b68b-4d3a-8877-0637760f7ed9"}, "geometry": {"type": "LineString", "coordinates": [[20.59348, 64.915439], [20.593667, 64.91615], [20.593853, 64.916861]]}}, {"type": "Feature", "properties": {"objekttyp": "Lintrafik", "id": "38ff8f32-048c-44a1-a88f-859f325099bd"}, "geometry": {"type": "LineString", "coordinates": [[14.782117, 65.064817], [14.784431, 65.064044], [14.787444, 65.06306], [14.789898, 65.06226], [14.791744, 65.061658]]}}, {"type": "Feature", "properties": {"objekttyp": "Lintrafik", "id": "a0a3cd11-d459-4aa0-8cd5-32227989a3fd"}, "geometry": {"type": "LineString", "coordinates": [[14.792275, 65.070556], [14.789834, 65.069845], [14.787396, 65.069134], [14.772759, 65.064864]]}}, {"type": "Feature", "properties": {"objekttyp": "Lintrafik", "id": "d59535db-dc70-4729-a0d1-325284013656"}, "geometry": {"type": "LineString", "coordinates": [[17.139473, 65.085903], [17.138912, 65.085523], [17.136616, 65.083997], [17.136603, 65.083988], [17.136417, 65.083864], [17.133758, 65.082072]]}}, {"type": "Feature", "properties": {"objekttyp": "Lintrafik", "id": "deba5007-a043-4415-bb39-00c4b58656fd"}, "geometry": {"type": "LineString", "coordinates": [[18.611254, 65.068095], [18.612024, 65.066318], [18.612794, 65.064541]]}}, {"type": "Feature", "properties": {"objekttyp": "Lintrafik", "id": "2b948228-0159-4c5e-b00a-ce81684157fd"}, "geometry": {"type": "LineString", "coordinates": [[19.620455, 65.006428], [19.611597, 65.008763], [19.603856, 65.010845], [19.590379, 65.014487], [19.579604, 65.017384], [19.564908, 65.021348], [19.55061, 65.025202], [19.54622, 65.026385], [19.534476, 65.029551], [19.520917, 65.03319], [19.520654, 65.033263], [19.518126, 65.033964], [19.50963, 65.03624], [19.505711, 65.03729], [19.502001, 65.038283], [19.495658, 65.03998], [19.48521, 65.042796], [19.476696, 65.045078], [19.464127, 65.048444], [19.46123, 65.049221], [19.437013, 65.055714], [19.430383, 65.057501], [19.427238, 65.058331], [19.425669, 65.058755], [19.420291, 65.06021], [19.418127, 65.060786], [19.415557, 65.061469], [19.406701, 65.063825], [19.367521, 65.074305], [19.366942, 65.074495]]}}, {"type": "Feature", "properties": {"objekttyp": "Lintrafik", "id": "518f74f2-e44c-4126-9b5a-fc6f50f40b76"}, "geometry": {"type": "LineString", "coordinates": [[18.763286, 65.177396], [18.759421, 65.178496], [18.754808, 65.179809], [18.749559, 65.181302]]}}, {"type": "Feature", "properties": {"objekttyp": "Lintrafik", "id": "6c8b2bcd-ecbf-48a7-8327-cd5938060e53"}, "geometry": {"type": "LineString", "coordinates": [[18.766753, 65.178906], [18.762344, 65.179621], [18.759643, 65.180059], [18.759079, 65.180151], [18.756525, 65.180547], [18.751155, 65.181412], [18.749941, 65.181604]]}}, {"type": "Feature", "properties": {"objekttyp": "Lintrafik", "id": "b0935258-b020-4282-b171-974249182c60"}, "geometry": {"type": "LineString", "coordinates": [[18.766595, 65.178517], [18.767694, 65.179486], [18.770118, 65.181623]]}}, {"type": "Feature", "properties": {"objekttyp": "Lintrafik", "id": "b18f2635-b721-47bb-8a13-1c61f98f0089"}, "geometry": {"type": "LineString", "coordinates": [[20.131981, 65.161041], [20.131987, 65.161031], [20.132475, 65.160163], [20.132974, 65.159275], [20.133474, 65.158387], [20.133644, 65.158085], [20.133681, 65.158019], [20.133973, 65.157499], [20.134175, 65.157138], [20.134284, 65.156943], [20.134377, 65.156777], [20.13458, 65.156416], [20.134595, 65.156389], [20.134684, 65.156231], [20.134773, 65.156074], [20.134784, 65.156055], [20.134952, 65.155758], [20.13512, 65.15546], [20.135289, 65.155163], [20.135457, 65.154865], [20.135525, 65.154742], [20.135592, 65.15462], [20.135659, 65.154497], [20.135725, 65.154376]]}}, {"type": "Feature", "properties": {"objekttyp": "Lintrafik", "id": "14b49e26-248c-4129-a7c6-e0d3df117790"}, "geometry": {"type": "LineString", "coordinates": [[20.131547, 65.161199], [20.134345, 65.16146], [20.13618, 65.161631]]}}, {"type": "Feature", "properties": {"objekttyp": "Lintrafik", "id": "88ab1476-7e95-4bc3-994e-17caae713ca9"}, "geometry": {"type": "LineString", "coordinates": [[15.486001, 65.250833], [15.485472, 65.251081], [15.485001, 65.251302], [15.484939, 65.251331], [15.484406, 65.25158], [15.484386, 65.251589], [15.484005, 65.251768], [15.483873, 65.25183], [15.48379, 65.25187], [15.483717, 65.251905], [15.483561, 65.251979], [15.483405, 65.252053], [15.483249, 65.252127], [15.482937, 65.252274], [15.482806, 65.252335], [15.48236, 65.252543], [15.482294, 65.252574], [15.481913, 65.252751], [15.481499, 65.252943], [15.481465, 65.252958], [15.480799, 65.253268], [15.480706, 65.253311], [15.480136, 65.253579], [15.479983, 65.25365], [15.479473, 65.25389], [15.47926, 65.253989], [15.479038, 65.254095], [15.478814, 65.254202], [15.478472, 65.254339], [15.477267, 65.254889], [15.476001, 65.255471], [15.474941, 65.255954], [15.473585, 65.256596], [15.473547, 65.256614], [15.471507, 65.257552], [15.470443, 65.258043], [15.46965, 65.258413]]}}, {"type": "Feature", "properties": {"objekttyp": "Lintrafik", "id": "f2af99b4-ac3d-4d04-98f8-aae78dbab40e"}, "geometry": {"type": "LineString", "coordinates": [[15.499229, 65.251762], [15.49808, 65.252687], [15.495556, 65.254609], [15.492949, 65.256551], [15.492651, 65.256774], [15.490595, 65.258329], [15.485116, 65.26232]]}}, {"type": "Feature", "properties": {"objekttyp": "Lintrafik", "id": "eb6abf6f-92d7-410a-a7a2-9834b76c0ace"}, "geometry": {"type": "LineString", "coordinates": [[21.286133, 65.315604], [21.282061, 65.314311], [21.277988, 65.313019]]}}, {"type": "Feature", "properties": {"objekttyp": "Lintrafik", "id": "c88efd2c-5ec0-43d6-9a6d-81c647926f1f"}, "geometry": {"type": "LineString", "coordinates": [[23.783427, 66.649327], [23.789642, 66.649727], [23.791858, 66.649804], [23.79317, 66.64985], [23.793216, 66.649852], [23.798596, 66.650099], [23.80258, 66.650282]]}}, {"type": "Feature", "properties": {"objekttyp": "Lintrafik", "id": "10315760-5690-415d-bdf2-e88a6bcfba39"}, "geometry": {"type": "LineString", "coordinates": [[19.050669, 65.57812], [19.045084, 65.576883], [19.040591, 65.575887]]}}, {"type": "Feature", "properties": {"objekttyp": "Lintrafik", "id": "ca2a2b44-37d0-4cb3-836a-f80280590a99"}, "geometry": {"type": "LineString", "coordinates": [[19.059913, 65.580516], [19.056335, 65.581105]]}}, {"type": "Feature", "properties": {"objekttyp": "Lintrafik", "id": "5c62602d-d5b8-441e-a168-9c35fb9403e6"}, "geometry": {"type": "LineString", "coordinates": [[19.056328, 65.581045], [19.052899, 65.581552], [19.045994, 65.582715], [19.044037, 65.583045], [19.031598, 65.581852]]}}, {"type": "Feature", "properties": {"objekttyp": "Lintrafik", "id": "9ce5cbdc-a388-40f2-88d0-e6dad39c5f00"}, "geometry": {"type": "LineString", "coordinates": [[19.140723, 65.584273], [19.144316, 65.585135], [19.145435, 65.585403], [19.146379, 65.58563], [19.147914, 65.585997], [19.149889, 65.586472], [19.150414, 65.586598], [19.152029, 65.586942]]}}, {"type": "Feature", "properties": {"objekttyp": "Lintrafik", "id": "cfe472f1-4c48-4335-b980-c1aeb64656d7"}, "geometry": {"type": "LineString", "coordinates": [[17.50201, 65.65143], [17.505578, 65.651831], [17.50893, 65.652252], [17.511916, 65.652628], [17.513743, 65.652857], [17.518105, 65.653365], [17.521334, 65.653756], [17.522735, 65.653932]]}}, {"type": "Feature", "properties": {"objekttyp": "Lintrafik", "id": "5c7815f4-34b0-4311-98a9-ff61c75dbcb5"}, "geometry": {"type": "LineString", "coordinates": [[17.50121, 65.652499], [17.50234, 65.653143], [17.505184, 65.654723], [17.508326, 65.656473], [17.509983, 65.657388], [17.511131, 65.658021], [17.511324, 65.658128], [17.512391, 65.658723], [17.512513, 65.65879], [17.516102, 65.660779], [17.517331, 65.661471], [17.51934, 65.662582], [17.521221, 65.663624], [17.522028, 65.664075], [17.522901, 65.664569]]}}, {"type": "Feature", "properties": {"objekttyp": "Lintrafik", "id": "d6c724e4-b823-4e8f-a32a-c7d3a177135e"}, "geometry": {"type": "LineString", "coordinates": [[21.91916, 65.558104], [21.919636, 65.557944], [21.920108, 65.557786], [21.920342, 65.557707], [21.92058, 65.557628], [21.921052, 65.557469], [21.921524, 65.557311], [21.921996, 65.557153], [21.922468, 65.556994], [21.92294, 65.556836], [21.923024, 65.556808], [21.923413, 65.556678], [21.923885, 65.556519], [21.924357, 65.556361], [21.924829, 65.556203], [21.925301, 65.556044], [21.925773, 65.555886], [21.926245, 65.555728], [21.926717, 65.555569], [21.926754, 65.555557], [21.92679, 65.555545]]}}, {"type": "Feature", "properties": {"objekttyp": "Lintrafik", "id": "ff7f5adf-b4dc-4f74-a1a8-cdb7da21e998"}, "geometry": {"type": "LineString", "coordinates": [[21.921894, 65.559505], [21.923609, 65.558993], [21.926213, 65.558216], [21.926638, 65.557421], [21.927146, 65.556472]]}}, {"type": "Feature", "properties": {"objekttyp": "Lintrafik", "id": "b736e07f-22ad-4442-b726-b1c1ecb8c211"}, "geometry": {"type": "LineString", "coordinates": [[15.278408, 65.720766], [15.279771, 65.720044], [15.280741, 65.719438], [15.281788, 65.718783], [15.284091, 65.717312], [15.286586, 65.715706], [15.287087, 65.715387]]}}, {"type": "Feature", "properties": {"objekttyp": "Lintrafik", "id": "2fcd37f1-03f2-4054-87dc-3ec79ccfba4a"}, "geometry": {"type": "LineString", "coordinates": [[15.265207, 65.724767], [15.260241, 65.720891], [15.260061, 65.720747], [15.258467, 65.719482], [15.258421, 65.719445], [15.257203, 65.718469], [15.255545, 65.717165], [15.254466, 65.716322], [15.252215, 65.714561], [15.250161, 65.712888]]}}, {"type": "Feature", "properties": {"objekttyp": "Lintrafik", "id": "beb1c078-4f17-45a1-a829-975b46a70c51"}, "geometry": {"type": "LineString", "coordinates": [[15.28969, 65.726028], [15.290601, 65.72448], [15.291283, 65.723238], [15.29252, 65.721156], [15.293426, 65.719599], [15.293535, 65.719417], [15.294474, 65.717851], [15.295651, 65.715846], [15.296055, 65.715181]]}}, {"type": "Feature", "properties": {"objekttyp": "Lintrafik", "id": "5975cc93-782a-4f4d-bf13-40d2e18a4396"}, "geometry": {"type": "LineString", "coordinates": [[22.190289, 65.604621], [22.188052, 65.604766], [22.187915, 65.604775], [22.187574, 65.604797], [22.185816, 65.604915]]}}, {"type": "Feature", "properties": {"objekttyp": "Lintrafik", "id": "4f879ecc-048e-4d5a-bd9e-66bbcc6f4a42"}, "geometry": {"type": "LineString", "coordinates": [[20.951696, 65.66931], [20.951601, 65.669182], [20.949771, 65.666708], [20.949509, 65.665699], [20.949377, 65.66519], [20.950298, 65.663562], [20.951219, 65.661935]]}}, {"type": "Feature", "properties": {"objekttyp": "Lintrafik", "id": "d6d18770-20d6-49d0-91f4-28fe884b81bf"}, "geometry": {"type": "LineString", "coordinates": [[15.091902, 65.817742], [15.089341, 65.81716], [15.088338, 65.816932]]}}, {"type": "Feature", "properties": {"objekttyp": "Lintrafik", "id": "abed8694-47b3-4fa9-b9e0-f141f8293bc4"}, "geometry": {"type": "LineString", "coordinates": [[15.114523, 65.81231], [15.113717, 65.817142], [15.11342, 65.818918]]}}, {"type": "Feature", "properties": {"objekttyp": "Lintrafik", "id": "5c020bfb-2fe8-4cc8-9814-867c90756499"}, "geometry": {"type": "LineString", "coordinates": [[15.109172, 65.821832], [15.104366, 65.820588], [15.098249, 65.819066], [15.092622, 65.817569], [15.092501, 65.817539], [15.092255, 65.817479], [15.090964, 65.81716], [15.089734, 65.816856]]}}, {"type": "Feature", "properties": {"objekttyp": "Lintrafik", "id": "5ff13bf7-2946-419b-83c0-4429a3745ee5"}, "geometry": {"type": "LineString", "coordinates": [[15.107739, 65.82309], [15.115618, 65.830855]]}}, {"type": "Feature", "properties": {"objekttyp": "Lintrafik", "id": "3f0281e7-a41d-4e2d-8cc0-af9b541e6cad"}, "geometry": {"type": "LineString", "coordinates": [[15.105066, 65.829024], [15.111401, 65.831179]]}}, {"type": "Feature", "properties": {"objekttyp": "Lintrafik", "id": "2af167a0-271a-49b0-87b0-3194b5a49fd3"}, "geometry": {"type": "LineString", "coordinates": [[15.068857, 65.830382], [15.076704, 65.832423]]}}, {"type": "Feature", "properties": {"objekttyp": "Lintrafik", "id": "d2b2f58f-5fbb-4da6-afb6-abeed255f71c"}, "geometry": {"type": "LineString", "coordinates": [[15.092309, 65.825968], [15.095062, 65.829846], [15.097309, 65.832784], [15.098746, 65.834663]]}}, {"type": "Feature", "properties": {"objekttyp": "Lintrafik", "id": "9fa91218-7a4e-4b6c-bd01-fe55046c97d9"}, "geometry": {"type": "LineString", "coordinates": [[15.096896, 65.835206], [15.08956, 65.833718], [15.087608, 65.83341], [15.086861, 65.833233], [15.085915, 65.833009], [15.085603, 65.832935], [15.085068, 65.832808], [15.084996, 65.832791], [15.084346, 65.832637], [15.084223, 65.832608], [15.083087, 65.83234], [15.082436, 65.832186], [15.081827, 65.832043], [15.080648, 65.831765], [15.080568, 65.831746], [15.079309, 65.831449], [15.078861, 65.831343], [15.07805, 65.831152], [15.077071, 65.830921], [15.076792, 65.830854], [15.07554, 65.830552], [15.075223, 65.830476], [15.074287, 65.83025], [15.073377, 65.830031], [15.073035, 65.829949], [15.071783, 65.829647], [15.071532, 65.829587], [15.070531, 65.829345], [15.069687, 65.829142], [15.069476, 65.829091]]}}, {"type": "Feature", "properties": {"objekttyp": "Lintrafik", "id": "4f28c633-56ce-4360-a7ab-6d9ba33bd6cc"}, "geometry": {"type": "LineString", "coordinates": [[15.112063, 65.829761], [15.11413, 65.831109], [15.116678, 65.83277], [15.133236, 65.843557]]}}, {"type": "Feature", "properties": {"objekttyp": "Lintrafik", "id": "3497c52d-f824-447d-b309-b45a485efd4b"}, "geometry": {"type": "LineString", "coordinates": [[16.185649, 65.962469], [16.17895, 65.96639], [16.178877, 65.966432], [16.177326, 65.96734], [16.172099, 65.970311]]}}, {"type": "Feature", "properties": {"objekttyp": "Lintrafik", "id": "2738a971-b69b-43ec-a546-3605a9e96c82"}, "geometry": {"type": "LineString", "coordinates": [[21.623679, 65.839903], [21.62455, 65.839324], [21.62569, 65.838567], [21.625846, 65.838463]]}}, {"type": "Feature", "properties": {"objekttyp": "Lintrafik", "id": "2f2bf012-12c8-4187-b2b1-dad586c0e79f"}, "geometry": {"type": "LineString", "coordinates": [[21.628171, 65.839023], [21.627635, 65.839189], [21.625985, 65.8397], [21.625315, 65.839907], [21.624605, 65.840123]]}}, {"type": "Feature", "properties": {"objekttyp": "Lintrafik", "id": "de80ab30-fefb-4271-a822-4dab8fe681a9"}, "geometry": {"type": "LineString", "coordinates": [[22.245378, 65.830142], [22.245452, 65.83013], [22.245522, 65.830118], [22.247611, 65.829765], [22.247684, 65.829753], [22.249844, 65.829388]]}}, {"type": "Feature", "properties": {"objekttyp": "Lintrafik", "id": "37606efc-8fe3-4f22-bcca-0877ff226ed4"}, "geometry": {"type": "LineString", "coordinates": [[19.986477, 66.15762], [19.988006, 66.157988], [19.996218, 66.159966], [19.996695, 66.160081], [20.004285, 66.160118]]}}, {"type": "Feature", "properties": {"objekttyp": "Lintrafik", "id": "8c75a33a-6a44-4096-affc-c44b4dc785d7"}, "geometry": {"type": "LineString", "coordinates": [[19.990778, 66.155721], [19.994066, 66.156742], [19.99568, 66.157242], [19.997134, 66.157692], [19.998087, 66.157988], [20.004292, 66.159848], [20.005546, 66.160224], [20.004801, 66.159569], [20.002864, 66.157869], [20.002468, 66.15752], [20.0011, 66.156314], [19.999378, 66.154817]]}}, {"type": "Feature", "properties": {"objekttyp": "Lintrafik", "id": "37206ec8-e317-4de8-bde3-1c2dc35d660c"}, "geometry": {"type": "LineString", "coordinates": [[23.147162, 65.881911], [23.145316, 65.880154], [23.143469, 65.878396]]}}, {"type": "Feature", "properties": {"objekttyp": "Lintrafik", "id": "32fd5d2a-57d1-4854-9ac6-b16a3711da30"}, "geometry": {"type": "LineString", "coordinates": [[17.934403, 66.110976], [17.934475, 66.10916]]}}, {"type": "Feature", "properties": {"objekttyp": "Lintrafik", "id": "41c6236a-c60f-491a-9fd1-11ed063572a3"}, "geometry": {"type": "LineString", "coordinates": [[17.933822, 66.116727], [17.932413, 66.114406], [17.929816, 66.110128]]}}, {"type": "Feature", "properties": {"objekttyp": "Lintrafik", "id": "3a17e649-a2c5-4f6d-9fa2-8b4cbca5e0c7"}, "geometry": {"type": "LineString", "coordinates": [[17.937993, 66.11951], [17.934321, 66.11437], [17.933762, 66.113587], [17.931288, 66.110123]]}}, {"type": "Feature", "properties": {"objekttyp": "Lintrafik", "id": "493b5ed1-1fbe-4f2a-a661-0855cf46d171"}, "geometry": {"type": "LineString", "coordinates": [[21.252974, 66.022356], [21.247987, 66.022695]]}}, {"type": "Feature", "properties": {"objekttyp": "Lintrafik", "id": "827f5ec1-69c6-4c95-8807-9b592cbb5f67"}, "geometry": {"type": "LineString", "coordinates": [[21.254754, 66.022522], [21.254773, 66.022521], [21.255252, 66.022489], [21.25573, 66.022458], [21.256209, 66.022426], [21.256591, 66.022401], [21.256687, 66.022394], [21.257907, 66.022313], [21.258259, 66.02229], [21.258447, 66.022277], [21.259127, 66.022231], [21.260347, 66.022149], [21.260946, 66.022108], [21.261567, 66.022067], [21.262729, 66.021987], [21.263445, 66.021939], [21.26389, 66.021909], [21.265052, 66.02183], [21.265622, 66.021791], [21.266214, 66.021751], [21.266722, 66.021718], [21.26723, 66.021685], [21.267739, 66.021652], [21.267801, 66.021648], [21.268025, 66.021633], [21.268248, 66.02162], [21.268391, 66.021611], [21.268462, 66.021607]]}}, {"type": "Feature", "properties": {"objekttyp": "Lintrafik", "id": "9ad15d55-75b9-4ecc-abf2-5b3195b95135"}, "geometry": {"type": "LineString", "coordinates": [[21.253948, 66.024006], [21.248481, 66.023612]]}}, {"type": "Feature", "properties": {"objekttyp": "Lintrafik", "id": "ca0228cb-49f8-4a0c-8918-803d772ea95d"}, "geometry": {"type": "LineString", "coordinates": [[16.994375, 66.368106], [16.976686, 66.353389]]}}, {"type": "Feature", "properties": {"objekttyp": "Lintrafik", "id": "4ad43725-cef0-4fa2-9785-2d4029aa9b0c"}, "geometry": {"type": "LineString", "coordinates": [[22.788979, 66.316979], [22.788156, 66.316963], [22.7866, 66.316872], [22.784896, 66.316778], [22.784782, 66.316772], [22.784603, 66.316762], [22.78282, 66.316657], [22.780772, 66.31656]]}}, {"type": "Feature", "properties": {"objekttyp": "Lintrafik", "id": "0f7b5b87-aec3-4d35-9b6d-6809262efff0"}, "geometry": {"type": "LineString", "coordinates": [[20.619939, 66.422425], [20.618777, 66.421648], [20.61726, 66.420633], [20.617259, 66.420632], [20.614992, 66.419115], [20.61458, 66.418841]]}}, {"type": "Feature", "properties": {"objekttyp": "Lintrafik", "id": "f18cdc31-bede-45f5-a6d3-1abec57ee48d"}, "geometry": {"type": "LineString", "coordinates": [[23.636383, 66.361532], [23.640434, 66.36165], [23.640536, 66.361653], [23.642192, 66.361696], [23.642268, 66.361698], [23.648149, 66.361851]]}}, {"type": "Feature", "properties": {"objekttyp": "Lintrafik", "id": "3f62f23d-63ba-4932-8022-456027f067bd"}, "geometry": {"type": "LineString", "coordinates": [[23.780521, 66.647602], [23.782827, 66.649375], [23.783144, 66.649618], [23.78346, 66.649862], [23.784115, 66.650365], [23.784415, 66.650595], [23.784984, 66.651032], [23.785371, 66.651329], [23.786441, 66.652158], [23.786502, 66.652206], [23.786999, 66.652592], [23.787508, 66.652987], [23.787687, 66.653128], [23.788545, 66.653807], [23.788627, 66.653872], [23.789594, 66.654636], [23.789747, 66.654757], [23.790628, 66.655443], [23.791249, 66.655926], [23.791553, 66.656163], [23.791663, 66.656249], [23.792744, 66.657097], [23.792782, 66.657127], [23.793898, 66.658005], [23.794084, 66.65815], [23.794665, 66.6586], [23.795142, 66.658968], [23.795436, 66.659197]]}}, {"type": "Feature", "properties": {"objekttyp": "Lintrafik", "id": "532af66a-35e4-4ee2-8a0b-3bacb183606c"}, "geometry": {"type": "LineString", "coordinates": [[19.818658, 66.951391], [19.820438, 66.953338], [19.822218, 66.955284]]}}, {"type": "Feature", "properties": {"objekttyp": "Lintrafik", "id": "318b3782-d816-42c9-9ec8-7175c234d55e"}, "geometry": {"type": "LineString", "coordinates": [[20.636901, 67.108399], [20.632362, 67.112089]]}}, {"type": "Feature", "properties": {"objekttyp": "Lintrafik", "id": "50cd5909-9f0a-41ae-abf8-881f70edb46b"}, "geometry": {"type": "LineString", "coordinates": [[21.812768, 67.01366], [21.811076, 67.013205], [21.809384, 67.01275]]}}, {"type": "Feature", "properties": {"objekttyp": "Lintrafik", "id": "18cb289e-580c-410f-9e9d-e6f541a41484"}, "geometry": {"type": "LineString", "coordinates": [[20.609631, 67.116687], [20.595951, 67.112131]]}}, {"type": "Feature", "properties": {"objekttyp": "Lintrafik", "id": "5280438a-f8e7-4aeb-a4f6-c430166ced79"}, "geometry": {"type": "LineString", "coordinates": [[20.639271, 67.103809], [20.639202, 67.103803], [20.638397, 67.103728], [20.637864, 67.103678], [20.637592, 67.103653], [20.636788, 67.103578], [20.636391, 67.103541], [20.635983, 67.103503], [20.635178, 67.103428], [20.634918, 67.103404], [20.634373, 67.103353], [20.633568, 67.103278], [20.633444, 67.103266], [20.632764, 67.103203], [20.631971, 67.103129], [20.631154, 67.103053], [20.630498, 67.102992], [20.630349, 67.102978], [20.629545, 67.102903], [20.629024, 67.102854], [20.62874, 67.102828], [20.627935, 67.102753], [20.627551, 67.102717], [20.627398, 67.102703], [20.627244, 67.102688], [20.627091, 67.102674], [20.626938, 67.10266], [20.626784, 67.102646], [20.626631, 67.102631], [20.626477, 67.102617], [20.626326, 67.102603], [20.616182, 67.101773], [20.615994, 67.101758]]}}, {"type": "Feature", "properties": {"objekttyp": "Lintrafik", "id": "62ce5b01-c722-49bf-b311-a962264b7995"}, "geometry": {"type": "LineString", "coordinates": [[20.638365, 67.105898], [20.62081, 67.103064]]}}, {"type": "Feature", "properties": {"objekttyp": "Lintrafik", "id": "063cb10c-7492-48e4-844f-53df29263fd2"}, "geometry": {"type": "LineString", "coordinates": [[20.637054, 67.107627], [20.620164, 67.10367], [20.616409, 67.10279], [20.614046, 67.102236]]}}, {"type": "Feature", "properties": {"objekttyp": "Lintrafik", "id": "b3b199a7-e9db-4d3a-9cb4-64466fb0df90"}, "geometry": {"type": "LineString", "coordinates": [[21.104771, 67.440751], [21.104279, 67.441717], [21.103787, 67.442683]]}}, {"type": "Feature", "properties": {"objekttyp": "Lintrafik", "id": "357e548b-38da-4a4a-92d9-6f8f8220faaf"}, "geometry": {"type": "LineString", "coordinates": [[20.219361, 67.876072], [20.219327, 67.876066], [20.219293, 67.87606], [20.219259, 67.876054], [20.219191, 67.876043], [20.218619, 67.875943], [20.218044, 67.875846], [20.21746, 67.875756], [20.216877, 67.875665], [20.216299, 67.875566], [20.21578, 67.875472], [20.215176, 67.875366], [20.214684, 67.875279], [20.214051, 67.875167], [20.213587, 67.875085], [20.212927, 67.874968], [20.212491, 67.874891], [20.212364, 67.874869], [20.211802, 67.874769], [20.211395, 67.874697], [20.21124, 67.87467], [20.210678, 67.87457], [20.210299, 67.874503], [20.210115, 67.874471], [20.209553, 67.874371], [20.209203, 67.87431], [20.208991, 67.874272], [20.208429, 67.874173], [20.207981, 67.874093]]}}, {"type": "Feature", "properties": {"objekttyp": "Lintrafik", "id": "9896add7-d4fe-45bd-a834-2cc4147a5791"}, "geometry": {"type": "LineString", "coordinates": [[20.211393, 67.873359], [20.212621, 67.873751], [20.214127, 67.874155], [20.215937, 67.874617], [20.218029, 67.875171], [20.219805, 67.875637], [20.221644, 67.876138], [20.221804, 67.876178], [20.222214, 67.876278]]}}, {"type": "Feature", "properties": {"objekttyp": "Lintrafik", "id": "59f9cf27-e17c-4ed8-8b09-fe7d0874e42c"}, "geometry": {"type": "LineString", "coordinates": [[18.723185, 68.362419], [18.727786, 68.36241], [18.73503, 68.362406], [18.744383, 68.362401], [18.748397, 68.362383], [18.755542, 68.362387], [18.767423, 68.362371], [18.768654, 68.362375]]}}, {"type": "Feature", "properties": {"objekttyp": "Lintrafik", "id": "8b5dbadd-014b-4075-ba16-972ba5abc280"}, "geometry": {"type": "LineString", "coordinates": [[18.669476, 68.39211], [18.664108, 68.391481], [18.663103, 68.391363], [18.660315, 68.391047], [18.656734, 68.390619], [18.65189, 68.390062], [18.651315, 68.389993], [18.6493, 68.389751], [18.646562, 68.389423], [18.643048, 68.38902]]}}, {"type": "Feature", "properties": {"objekttyp": "Lintrafik", "id": "23dc6696-4599-48c8-8dc4-b7df28feac15"}, "geometry": {"type": "LineString", "coordinates": [[18.670307, 68.396619], [18.66704, 68.395872], [18.66473, 68.395333], [18.663802, 68.395117], [18.662113, 68.394699], [18.658749, 68.393907], [18.654306, 68.392861]]}}, {"type": "Feature", "properties": {"objekttyp": "Lintrafik", "id": "4daf99a4-079c-4a68-8b72-a748640727f8"}, "geometry": {"type": "LineString", "coordinates": [[18.678406, 68.40234], [18.675248, 68.401405], [18.672939, 68.400733], [18.669348, 68.399678], [18.666795, 68.39893], [18.665232, 68.398471], [18.664972, 68.398395], [18.663354, 68.39791], [18.661258, 68.397304], [18.659033, 68.396641], [18.65683, 68.396007], [18.65463, 68.395347], [18.652055, 68.394591], [18.651938, 68.394556], [18.647469, 68.393247], [18.646319, 68.392908]]}}, {"type": "Feature", "properties": {"objekttyp": "Lintrafik", "id": "fd67e942-ec5d-4eb7-a841-4b8de8d1b913"}, "geometry": {"type": "LineString", "coordinates": [[18.131398, 68.413505], [18.129805, 68.413108], [18.126141, 68.412225], [18.120816, 68.410938]]}}, {"type": "Feature", "properties": {"objekttyp": "Lintrafik", "id": "a960a1a4-62fa-41d0-bb62-9e3d505fe7b5"}, "geometry": {"type": "LineString", "coordinates": [[18.119181, 68.411787], [18.109202, 68.413629], [18.104475, 68.415492]]}}, {"type": "Feature", "properties": {"objekttyp": "Lintrafik", "id": "fe17c943-648d-4061-9693-11e12da565d2"}, "geometry": {"type": "LineString", "coordinates": [[18.108066, 68.417632], [18.11168, 68.417053], [18.113813, 68.416705], [18.115263, 68.416459], [18.118958, 68.415866], [18.12266, 68.415275], [18.124435, 68.415003], [18.126608, 68.414644], [18.128976, 68.414278], [18.131857, 68.41381], [18.13259, 68.41369]]}}, {"type": "Feature", "properties": {"objekttyp": "Lintrafik", "id": "98d44684-9632-456b-87d7-378d3a3d5455"}, "geometry": {"type": "LineString", "coordinates": [[18.670257, 68.407023], [18.675576, 68.405655], [18.678795, 68.404814]]}}, {"type": "Feature", "properties": {"objekttyp": "Lintrafik", "id": "dcb2e9e5-aa65-4282-bd3e-c1a0d69b5e27"}, "geometry": {"type": "LineString", "coordinates": [[18.678056, 68.409126], [18.67517, 68.408167]]}}, {"type": "Feature", "properties": {"objekttyp": "Lintrafik", "id": "8462f9f9-3ed5-4543-8017-c7b2a2ccb157"}, "geometry": {"type": "LineString", "coordinates": [[18.160371, 68.42031], [18.154208, 68.420074], [18.147732, 68.419768], [18.14443, 68.419686], [18.133967, 68.419242]]}}, {"type": "Feature", "properties": {"objekttyp": "Lintrafik", "id": "873bdbc8-6b0d-4daf-9b16-8d77394d95c2"}, "geometry": {"type": "LineString", "coordinates": [[18.106402, 68.419729], [18.108774, 68.421134], [18.109807, 68.421705], [18.110642, 68.422198], [18.112011, 68.423011], [18.112458, 68.423256]]}}, {"type": "Feature", "properties": {"objekttyp": "Lintrafik", "id": "daac643c-a720-4a2f-817d-7677328cf598"}, "geometry": {"type": "LineString", "coordinates": [[18.107429, 68.422554], [18.108595, 68.423089], [18.109642, 68.423537], [18.111349, 68.424241], [18.112716, 68.424861], [18.114402, 68.42558], [18.11631, 68.426409], [18.117816, 68.427056], [18.118678, 68.427424], [18.118762, 68.42746]]}}]}